file,line,type,commit,author,date,time,timezone,datetime,depth,length
style.css,1,css,a2a02420,djmans630,2025-01-09,19:27:30,-08:00,2025-01-09T19:27:30-08:00,0,5
style.css,2,css,a2a02420,djmans630,2025-01-09,19:27:30,-08:00,2025-01-09T19:27:30-08:00,0,44
style.css,3,css,a2a02420,djmans630,2025-01-09,19:27:30,-08:00,2025-01-09T19:27:30-08:00,0,43
style.css,4,css,a2a02420,djmans630,2025-01-09,19:27:30,-08:00,2025-01-09T19:27:30-08:00,0,1
style.css,5,css,a2a02420,djmans630,2025-01-09,19:27:30,-08:00,2025-01-09T19:27:30-08:00,0,24
style.css,6,css,93ae33af,djmans630,2025-01-17,17:44:52,-08:00,2025-01-17T17:44:52-08:00,0,16
style.css,7,css,8defdc66,djmans630,2025-01-17,17:19:39,-08:00,2025-01-17T17:19:39-08:00,0,19
style.css,8,css,93ae33af,djmans630,2025-01-17,17:44:52,-08:00,2025-01-17T17:44:52-08:00,0,13
style.css,9,css,e0ac1f4e,djmans630,2025-01-17,18:10:10,-08:00,2025-01-17T18:10:10-08:00,0,0
style.css,10,css,e0ac1f4e,djmans630,2025-01-17,18:10:10,-08:00,2025-01-17T18:10:10-08:00,0,0
style.css,11,css,5a15eddd,djmans630,2025-01-17,18:31:15,-08:00,2025-01-17T18:31:15-08:00,0,2
style.css,12,css,5a15eddd,djmans630,2025-01-17,18:31:15,-08:00,2025-01-17T18:31:15-08:00,0,8
style.css,13,css,e0ac1f4e,djmans630,2025-01-17,18:10:10,-08:00,2025-01-17T18:10:10-08:00,0,17
style.css,14,css,e0ac1f4e,djmans630,2025-01-17,18:10:10,-08:00,2025-01-17T18:10:10-08:00,0,0
style.css,15,css,e0ac1f4e,djmans630,2025-01-17,18:10:10,-08:00,2025-01-17T18:10:10-08:00,0,0
style.css,16,css,2afd818d,djmans630,2025-01-17,19:02:50,-08:00,2025-01-17T19:02:50-08:00,0,4
style.css,17,css,d82ec410,djmans630,2025-01-24,20:09:30,-08:00,2025-01-24T20:09:30-08:00,0,40
style.css,18,css,e0ac1f4e,djmans630,2025-01-17,18:10:10,-08:00,2025-01-17T18:10:10-08:00,0,13
style.css,19,css,5a15eddd,djmans630,2025-01-17,18:31:15,-08:00,2025-01-17T18:31:15-08:00,0,21
style.css,20,css,5a15eddd,djmans630,2025-01-17,18:31:15,-08:00,2025-01-17T18:31:15-08:00,0,14
style.css,21,css,5a15eddd,djmans630,2025-01-17,18:31:15,-08:00,2025-01-17T18:31:15-08:00,0,18
style.css,22,css,5a15eddd,djmans630,2025-01-17,18:31:15,-08:00,2025-01-17T18:31:15-08:00,0,14
style.css,23,css,5a15eddd,djmans630,2025-01-17,18:31:15,-08:00,2025-01-17T18:31:15-08:00,0,19
style.css,24,css,5a15eddd,djmans630,2025-01-17,18:31:15,-08:00,2025-01-17T18:31:15-08:00,0,24
style.css,25,css,5a15eddd,djmans630,2025-01-17,18:31:15,-08:00,2025-01-17T18:31:15-08:00,0,26
style.css,26,css,d82ec410,djmans630,2025-01-24,20:09:30,-08:00,2025-01-24T20:09:30-08:00,0,42
style.css,27,css,d82ec410,djmans630,2025-01-24,20:09:30,-08:00,2025-01-24T20:09:30-08:00,0,40
style.css,28,css,5a15eddd,djmans630,2025-01-17,18:31:15,-08:00,2025-01-17T18:31:15-08:00,0,0
style.css,29,css,5a15eddd,djmans630,2025-01-17,18:31:15,-08:00,2025-01-17T18:31:15-08:00,0,0
style.css,30,css,8635b96d,djmans630,2025-01-17,19:18:33,-08:00,2025-01-17T19:18:33-08:00,0,2
style.css,31,css,8635b96d,djmans630,2025-01-17,19:18:33,-08:00,2025-01-17T19:18:33-08:00,0,7
style.css,32,css,8635b96d,djmans630,2025-01-17,19:18:33,-08:00,2025-01-17T19:18:33-08:00,0,0
style.css,33,css,8635b96d,djmans630,2025-01-17,19:18:33,-08:00,2025-01-17T19:18:33-08:00,0,0
style.css,34,css,8635b96d,djmans630,2025-01-17,19:18:33,-08:00,2025-01-17T19:18:33-08:00,0,9
style.css,35,css,5a15eddd,djmans630,2025-01-17,18:31:15,-08:00,2025-01-17T18:31:15-08:00,0,44
style.css,36,css,5a15eddd,djmans630,2025-01-17,18:31:15,-08:00,2025-01-17T18:31:15-08:00,0,21
style.css,37,css,7299ddd1,djmans630,2025-01-17,18:37:18,-08:00,2025-01-17T18:37:18-08:00,0,0
style.css,38,css,7299ddd1,djmans630,2025-01-17,18:37:18,-08:00,2025-01-17T18:37:18-08:00,0,0
style.css,39,css,ac78b525,djmans630,2025-01-17,19:46:16,-08:00,2025-01-17T19:46:16-08:00,0,5
style.css,40,css,7299ddd1,djmans630,2025-01-17,18:37:18,-08:00,2025-01-17T18:37:18-08:00,0,35
style.css,41,css,7299ddd1,djmans630,2025-01-17,18:37:18,-08:00,2025-01-17T18:37:18-08:00,0,0
style.css,42,css,7299ddd1,djmans630,2025-01-17,18:37:18,-08:00,2025-01-17T18:37:18-08:00,0,0
style.css,43,css,7299ddd1,djmans630,2025-01-17,18:37:18,-08:00,2025-01-17T18:37:18-08:00,0,4
style.css,44,css,7299ddd1,djmans630,2025-01-17,18:37:18,-08:00,2025-01-17T18:37:18-08:00,0,33
style.css,45,css,d82ec410,djmans630,2025-01-24,20:09:30,-08:00,2025-01-24T20:09:30-08:00,0,18
style.css,46,css,65fadb84,djmans630,2025-01-17,19:22:43,-08:00,2025-01-17T19:22:43-08:00,0,0
style.css,47,css,65fadb84,djmans630,2025-01-17,19:22:43,-08:00,2025-01-17T19:22:43-08:00,0,0
style.css,48,css,65fadb84,djmans630,2025-01-17,19:22:43,-08:00,2025-01-17T19:22:43-08:00,0,7
style.css,49,css,65fadb84,djmans630,2025-01-17,19:22:43,-08:00,2025-01-17T19:22:43-08:00,0,46
style.css,50,css,65fadb84,djmans630,2025-01-17,19:22:43,-08:00,2025-01-17T19:22:43-08:00,0,21
style.css,51,css,d82ec410,djmans630,2025-01-24,20:09:30,-08:00,2025-01-24T20:09:30-08:00,0,0
style.css,52,css,d82ec410,djmans630,2025-01-24,20:09:30,-08:00,2025-01-24T20:09:30-08:00,0,0
style.css,53,css,d82ec410,djmans630,2025-01-24,20:09:30,-08:00,2025-01-24T20:09:30-08:00,0,18
style.css,54,css,d82ec410,djmans630,2025-01-24,20:09:30,-08:00,2025-01-24T20:09:30-08:00,0,17
style.css,55,css,fe8cd3d6,djmans630,2025-01-24,20:36:01,-08:00,2025-01-24T20:36:01-08:00,0,9
style.css,56,css,fe8cd3d6,djmans630,2025-01-24,20:36:01,-08:00,2025-01-24T20:36:01-08:00,0,10
style.css,57,css,d82ec410,djmans630,2025-01-24,20:09:30,-08:00,2025-01-24T20:09:30-08:00,0,13
style.css,58,css,d82ec410,djmans630,2025-01-24,20:09:30,-08:00,2025-01-24T20:09:30-08:00,0,19
style.css,59,css,9766f981,djmans630,2025-01-31,20:30:24,-08:00,2025-01-31T20:30:24-08:00,0,0
style.css,60,css,9766f981,djmans630,2025-01-31,20:30:24,-08:00,2025-01-31T20:30:24-08:00,0,0
style.css,61,css,9766f981,djmans630,2025-01-31,20:30:24,-08:00,2025-01-31T20:30:24-08:00,0,15
style.css,62,css,9766f981,djmans630,2025-01-31,20:30:24,-08:00,2025-01-31T20:30:24-08:00,0,22
style.css,63,css,9766f981,djmans630,2025-01-31,20:30:24,-08:00,2025-01-31T20:30:24-08:00,0,11
style.css,64,css,9766f981,djmans630,2025-01-31,20:30:24,-08:00,2025-01-31T20:30:24-08:00,0,12
style.css,65,css,9766f981,djmans630,2025-01-31,20:30:24,-08:00,2025-01-31T20:30:24-08:00,0,18
style.css,66,css,9766f981,djmans630,2025-01-31,20:30:24,-08:00,2025-01-31T20:30:24-08:00,0,16
style.css,67,css,9766f981,djmans630,2025-01-31,20:30:24,-08:00,2025-01-31T20:30:24-08:00,0,17
style.css,68,css,9766f981,djmans630,2025-01-31,20:30:24,-08:00,2025-01-31T20:30:24-08:00,0,18
style.css,69,css,9766f981,djmans630,2025-01-31,20:30:24,-08:00,2025-01-31T20:30:24-08:00,0,0
style.css,70,css,9766f981,djmans630,2025-01-31,20:30:24,-08:00,2025-01-31T20:30:24-08:00,0,0
style.css,71,css,9766f981,djmans630,2025-01-31,20:30:24,-08:00,2025-01-31T20:30:24-08:00,0,18
style.css,72,css,9766f981,djmans630,2025-01-31,20:30:24,-08:00,2025-01-31T20:30:24-08:00,0,13
style.css,73,css,9766f981,djmans630,2025-01-31,20:30:24,-08:00,2025-01-31T20:30:24-08:00,0,37
style.css,74,css,9766f981,djmans630,2025-01-31,20:30:24,-08:00,2025-01-31T20:30:24-08:00,0,9
style.css,75,css,9766f981,djmans630,2025-01-31,20:30:24,-08:00,2025-01-31T20:30:24-08:00,0,16
style.css,76,css,9766f981,djmans630,2025-01-31,20:30:24,-08:00,2025-01-31T20:30:24-08:00,0,0
style.css,77,css,9766f981,djmans630,2025-01-31,20:30:24,-08:00,2025-01-31T20:30:24-08:00,0,0
style.css,78,css,9766f981,djmans630,2025-01-31,20:30:24,-08:00,2025-01-31T20:30:24-08:00,0,18
style.css,79,css,9766f981,djmans630,2025-01-31,20:30:24,-08:00,2025-01-31T20:30:24-08:00,0,17
style.css,80,css,9766f981,djmans630,2025-01-31,20:30:24,-08:00,2025-01-31T20:30:24-08:00,0,11
style.css,81,css,9766f981,djmans630,2025-01-31,20:30:24,-08:00,2025-01-31T20:30:24-08:00,0,0
style.css,82,css,9766f981,djmans630,2025-01-31,20:30:24,-08:00,2025-01-31T20:30:24-08:00,0,0
style.css,83,css,9766f981,djmans630,2025-01-31,20:30:24,-08:00,2025-01-31T20:30:24-08:00,0,18
style.css,84,css,9766f981,djmans630,2025-01-31,20:30:24,-08:00,2025-01-31T20:30:24-08:00,0,9
style.css,85,css,9766f981,djmans630,2025-01-31,20:30:24,-08:00,2025-01-31T20:30:24-08:00,0,17
style.css,86,css,9766f981,djmans630,2025-01-31,20:30:24,-08:00,2025-01-31T20:30:24-08:00,0,11
style.css,87,css,74e4592b,djmans630,2025-01-31,21:38:49,-08:00,2025-01-31T21:38:49-08:00,0,0
style.css,88,css,74e4592b,djmans630,2025-01-31,21:38:49,-08:00,2025-01-31T21:38:49-08:00,0,0
style.css,89,css,74e4592b,djmans630,2025-01-31,21:38:49,-08:00,2025-01-31T21:38:49-08:00,0,15
style.css,90,css,74e4592b,djmans630,2025-01-31,21:38:49,-08:00,2025-01-31T21:38:49-08:00,0,66
style.css,91,css,74e4592b,djmans630,2025-01-31,21:38:49,-08:00,2025-01-31T21:38:49-08:00,0,42
style.css,92,css,74e4592b,djmans630,2025-01-31,21:38:49,-08:00,2025-01-31T21:38:49-08:00,0,52
style.css,93,css,74e4592b,djmans630,2025-01-31,21:38:49,-08:00,2025-01-31T21:38:49-08:00,0,50
style.css,94,css,74e4592b,djmans630,2025-01-31,21:38:49,-08:00,2025-01-31T21:38:49-08:00,0,56
style.css,95,css,9766f981,djmans630,2025-01-31,20:30:24,-08:00,2025-01-31T20:30:24-08:00,0,0
index.js,1,js,136af1b9,djmans630,2025-01-31,20:52:39,-08:00,2025-01-31T20:52:39-08:00,0,72
index.js,2,js,7704d150,djmans630,2025-01-31,20:15:49,-08:00,2025-01-31T20:15:49-08:00,0,36
index.js,3,js,7704d150,djmans630,2025-01-31,20:15:49,-08:00,2025-01-31T20:15:49-08:00,0,55
index.js,4,js,7704d150,djmans630,2025-01-31,20:15:49,-08:00,2025-01-31T20:15:49-08:00,0,43
index.js,5,js,7704d150,djmans630,2025-01-31,20:15:49,-08:00,2025-01-31T20:15:49-08:00,0,61
index.js,6,js,7704d150,djmans630,2025-01-31,20:15:49,-08:00,2025-01-31T20:15:49-08:00,0,55
index.js,7,js,7704d150,djmans630,2025-01-31,20:15:49,-08:00,2025-01-31T20:15:49-08:00,0,0
index.js,8,js,b9682d40,djmans630,2025-01-31,20:21:28,-08:00,2025-01-31T20:21:28-08:00,0,0
index.js,9,js,b9682d40,djmans630,2025-01-31,20:21:28,-08:00,2025-01-31T20:21:28-08:00,0,33
index.js,10,js,b9682d40,djmans630,2025-01-31,20:21:28,-08:00,2025-01-31T20:21:28-08:00,0,53
index.js,11,js,849e9ac3,djmans630,2025-01-31,20:25:10,-08:00,2025-01-31T20:25:10-08:00,0,61
index.js,12,js,9766f981,djmans630,2025-01-31,20:30:24,-08:00,2025-01-31T20:30:24-08:00,0,18
index.js,13,js,9766f981,djmans630,2025-01-31,20:30:24,-08:00,2025-01-31T20:30:24-08:00,0,25
index.js,14,js,9766f981,djmans630,2025-01-31,20:30:24,-08:00,2025-01-31T20:30:24-08:00,0,3
index.js,15,js,9766f981,djmans630,2025-01-31,20:30:24,-08:00,2025-01-31T20:30:24-08:00,0,56
index.js,16,js,9766f981,djmans630,2025-01-31,20:30:24,-08:00,2025-01-31T20:30:24-08:00,0,56
index.js,17,js,9766f981,djmans630,2025-01-31,20:30:24,-08:00,2025-01-31T20:30:24-08:00,0,50
index.js,18,js,9766f981,djmans630,2025-01-31,20:30:24,-08:00,2025-01-31T20:30:24-08:00,0,50
index.js,19,js,9766f981,djmans630,2025-01-31,20:30:24,-08:00,2025-01-31T20:30:24-08:00,0,4
index.js,20,js,9766f981,djmans630,2025-01-31,20:30:24,-08:00,2025-01-31T20:30:24-08:00,0,1
index.js,21,js,9766f981,djmans630,2025-01-31,20:30:24,-08:00,2025-01-31T20:30:24-08:00,0,0
index.js,22,js,b9682d40,djmans630,2025-01-31,20:21:28,-08:00,2025-01-31T20:21:28-08:00,0,0
index.js,23,js,b9682d40,djmans630,2025-01-31,20:21:28,-08:00,2025-01-31T20:21:28-08:00,0,0
index.js,24,js,b9682d40,djmans630,2025-01-31,20:21:28,-08:00,2025-01-31T20:21:28-08:00,0,20
index.js,25,js,b9682d40,djmans630,2025-01-31,20:21:28,-08:00,2025-01-31T20:21:28-08:00,0,17
index.html,1,html,59ea3e28,djmans630,2025-01-09,19:05:12,-08:00,2025-01-09T19:05:12-08:00,0,14
index.html,2,html,59ea3e28,djmans630,2025-01-09,19:05:12,-08:00,2025-01-09T19:05:12-08:00,0,15
index.html,3,html,d82ec410,djmans630,2025-01-24,20:09:30,-08:00,2025-01-24T20:09:30-08:00,0,46
index.html,4,html,c0b86864,djmans630,2025-01-31,19:49:53,-08:00,2025-01-31T19:49:53-08:00,0,51
index.html,5,html,59ea3e28,djmans630,2025-01-09,19:05:12,-08:00,2025-01-09T19:05:12-08:00,0,5
index.html,6,html,a2a02420,djmans630,2025-01-09,19:27:30,-08:00,2025-01-09T19:27:30-08:00,0,43
index.html,7,html,59ea3e28,djmans630,2025-01-09,19:05:12,-08:00,2025-01-09T19:05:12-08:00,0,21
index.html,8,html,59ea3e28,djmans630,2025-01-09,19:05:12,-08:00,2025-01-09T19:05:12-08:00,0,69
index.html,9,html,59ea3e28,djmans630,2025-01-09,19:05:12,-08:00,2025-01-09T19:05:12-08:00,0,60
index.html,10,html,a444994c,djmans630,2025-01-17,18:55:06,-08:00,2025-01-17T18:55:06-08:00,0,6
index.html,11,html,a444994c,djmans630,2025-01-17,18:55:06,-08:00,2025-01-17T18:55:06-08:00,0,5
index.html,12,html,59ea3e28,djmans630,2025-01-09,19:05:12,-08:00,2025-01-09T19:05:12-08:00,0,25
index.html,13,html,59ea3e28,djmans630,2025-01-09,19:05:12,-08:00,2025-01-09T19:05:12-08:00,0,69
index.html,14,html,59ea3e28,djmans630,2025-01-09,19:05:12,-08:00,2025-01-09T19:05:12-08:00,0,62
index.html,15,html,59ea3e28,djmans630,2025-01-09,19:05:12,-08:00,2025-01-09T19:05:12-08:00,0,67
index.html,16,html,59ea3e28,djmans630,2025-01-09,19:05:12,-08:00,2025-01-09T19:05:12-08:00,0,14
index.html,17,html,59ea3e28,djmans630,2025-01-09,19:05:12,-08:00,2025-01-09T19:05:12-08:00,0,3
index.html,18,html,8defdc66,djmans630,2025-01-17,17:19:39,-08:00,2025-01-17T17:19:39-08:00,0,77
index.html,19,html,93ae33af,djmans630,2025-01-17,17:44:52,-08:00,2025-01-17T17:44:52-08:00,0,28
index.html,20,html,c0b86864,djmans630,2025-01-31,19:49:53,-08:00,2025-01-31T19:49:53-08:00,0,0
index.html,21,html,c0b86864,djmans630,2025-01-31,19:49:53,-08:00,2025-01-31T19:49:53-08:00,0,23
index.html,22,html,849e9ac3,djmans630,2025-01-31,20:25:10,-08:00,2025-01-31T20:25:10-08:00,0,27
index.html,23,html,849e9ac3,djmans630,2025-01-31,20:25:10,-08:00,2025-01-31T20:25:10-08:00,0,23
index.html,24,html,849e9ac3,djmans630,2025-01-31,20:25:10,-08:00,2025-01-31T20:25:10-08:00,0,29
index.html,25,html,59ea3e28,djmans630,2025-01-09,19:05:12,-08:00,2025-01-09T19:05:12-08:00,0,6
index.html,26,html,59ea3e28,djmans630,2025-01-09,19:05:12,-08:00,2025-01-09T19:05:12-08:00,0,6
global.js,1,js,d82ec410,djmans630,2025-01-24,20:09:30,-08:00,2025-01-24T20:09:30-08:00,0,26
global.js,2,js,d82ec410,djmans630,2025-01-24,20:09:30,-08:00,2025-01-24T20:09:30-08:00,0,0
global.js,3,js,d82ec410,djmans630,2025-01-24,20:09:30,-08:00,2025-01-24T20:09:30-08:00,0,42
global.js,4,js,d82ec410,djmans630,2025-01-24,20:09:30,-08:00,2025-01-24T20:09:30-08:00,0,53
global.js,5,js,d82ec410,djmans630,2025-01-24,20:09:30,-08:00,2025-01-24T20:09:30-08:00,0,0
global.js,6,js,d82ec410,djmans630,2025-01-24,20:09:30,-08:00,2025-01-24T20:09:30-08:00,0,0
global.js,7,js,d82ec410,djmans630,2025-01-24,20:09:30,-08:00,2025-01-24T20:09:30-08:00,0,12
global.js,8,js,5a1d459d,djmans630,2025-01-31,18:02:59,-08:00,2025-01-31T18:02:59-08:00,0,37
global.js,9,js,5a1d459d,djmans630,2025-01-31,18:02:59,-08:00,2025-01-31T18:02:59-08:00,0,49
global.js,10,js,5a1d459d,djmans630,2025-01-31,18:02:59,-08:00,2025-01-31T18:02:59-08:00,0,47
global.js,11,js,5a1d459d,djmans630,2025-01-31,18:02:59,-08:00,2025-01-31T18:02:59-08:00,0,46
global.js,12,js,91916e9a,djmans630,2025-01-31,17:50:56,-08:00,2025-01-31T17:50:56-08:00,0,56
global.js,13,js,91916e9a,djmans630,2025-01-31,17:50:56,-08:00,2025-01-31T17:50:56-08:00,0,1
global.js,14,js,d82ec410,djmans630,2025-01-24,20:09:30,-08:00,2025-01-24T20:09:30-08:00,0,0
global.js,15,js,d82ec410,djmans630,2025-01-24,20:09:30,-08:00,2025-01-24T20:09:30-08:00,0,39
global.js,16,js,d82ec410,djmans630,2025-01-24,20:09:30,-08:00,2025-01-24T20:09:30-08:00,0,26
global.js,17,js,d82ec410,djmans630,2025-01-24,20:09:30,-08:00,2025-01-24T20:09:30-08:00,0,0
global.js,18,js,d82ec410,djmans630,2025-01-24,20:09:30,-08:00,2025-01-24T20:09:30-08:00,0,21
global.js,19,js,d82ec410,djmans630,2025-01-24,20:09:30,-08:00,2025-01-24T20:09:30-08:00,0,35
global.js,20,js,5a1d459d,djmans630,2025-01-31,18:02:59,-08:00,2025-01-31T18:02:59-08:00,0,14
global.js,21,js,5a1d459d,djmans630,2025-01-31,18:02:59,-08:00,2025-01-31T18:02:59-08:00,0,23
global.js,22,js,d82ec410,djmans630,2025-01-24,20:09:30,-08:00,2025-01-24T20:09:30-08:00,0,13
global.js,23,js,d82ec410,djmans630,2025-01-24,20:09:30,-08:00,2025-01-24T20:09:30-08:00,0,0
global.js,24,js,d82ec410,djmans630,2025-01-24,20:09:30,-08:00,2025-01-24T20:09:30-08:00,0,66
global.js,25,js,d82ec410,djmans630,2025-01-24,20:09:30,-08:00,2025-01-24T20:09:30-08:00,0,26
global.js,26,js,5a1d459d,djmans630,2025-01-31,18:02:59,-08:00,2025-01-31T18:02:59-08:00,0,0
global.js,27,js,d82ec410,djmans630,2025-01-24,20:09:30,-08:00,2025-01-24T20:09:30-08:00,0,0
global.js,28,js,d82ec410,djmans630,2025-01-24,20:09:30,-08:00,2025-01-24T20:09:30-08:00,0,29
global.js,29,js,d82ec410,djmans630,2025-01-24,20:09:30,-08:00,2025-01-24T20:09:30-08:00,0,19
global.js,30,js,d82ec410,djmans630,2025-01-24,20:09:30,-08:00,2025-01-24T20:09:30-08:00,0,0
global.js,31,js,d82ec410,djmans630,2025-01-24,20:09:30,-08:00,2025-01-24T20:09:30-08:00,0,0
global.js,32,js,d82ec410,djmans630,2025-01-24,20:09:30,-08:00,2025-01-24T20:09:30-08:00,0,0
global.js,33,js,d82ec410,djmans630,2025-01-24,20:09:30,-08:00,2025-01-24T20:09:30-08:00,0,32
global.js,34,js,d82ec410,djmans630,2025-01-24,20:09:30,-08:00,2025-01-24T20:09:30-08:00,0,12
global.js,35,js,d82ec410,djmans630,2025-01-24,20:09:30,-08:00,2025-01-24T20:09:30-08:00,0,0
global.js,36,js,d82ec410,djmans630,2025-01-24,20:09:30,-08:00,2025-01-24T20:09:30-08:00,0,27
global.js,37,js,d82ec410,djmans630,2025-01-24,20:09:30,-08:00,2025-01-24T20:09:30-08:00,0,5
global.js,38,js,d82ec410,djmans630,2025-01-24,20:09:30,-08:00,2025-01-24T20:09:30-08:00,0,7
global.js,39,js,d82ec410,djmans630,2025-01-24,20:09:30,-08:00,2025-01-24T20:09:30-08:00,0,44
global.js,40,js,d82ec410,djmans630,2025-01-24,20:09:30,-08:00,2025-01-24T20:09:30-08:00,0,35
global.js,41,js,d82ec410,djmans630,2025-01-24,20:09:30,-08:00,2025-01-24T20:09:30-08:00,0,33
global.js,42,js,d82ec410,djmans630,2025-01-24,20:09:30,-08:00,2025-01-24T20:09:30-08:00,0,8
global.js,43,js,d82ec410,djmans630,2025-01-24,20:09:30,-08:00,2025-01-24T20:09:30-08:00,0,8
global.js,44,js,5a1d459d,djmans630,2025-01-31,18:02:59,-08:00,2025-01-31T18:02:59-08:00,0,1
global.js,45,js,fe8cd3d6,djmans630,2025-01-24,20:36:01,-08:00,2025-01-24T20:36:01-08:00,0,0
global.js,46,js,5a1d459d,djmans630,2025-01-31,18:02:59,-08:00,2025-01-31T18:02:59-08:00,0,59
global.js,47,js,fe8cd3d6,djmans630,2025-01-24,20:36:01,-08:00,2025-01-24T20:36:01-08:00,0,0
global.js,48,js,5a1d459d,djmans630,2025-01-31,18:02:59,-08:00,2025-01-31T18:02:59-08:00,0,35
global.js,49,js,5a1d459d,djmans630,2025-01-31,18:02:59,-08:00,2025-01-31T18:02:59-08:00,0,84
global.js,50,js,5a1d459d,djmans630,2025-01-31,18:02:59,-08:00,2025-01-31T18:02:59-08:00,0,39
global.js,51,js,fe8cd3d6,djmans630,2025-01-24,20:36:01,-08:00,2025-01-24T20:36:01-08:00,0,0
global.js,52,js,fe8cd3d6,djmans630,2025-01-24,20:36:01,-08:00,2025-01-24T20:36:01-08:00,0,0
global.js,53,js,fe8cd3d6,djmans630,2025-01-24,20:36:01,-08:00,2025-01-24T20:36:01-08:00,0,50
global.js,54,js,5a1d459d,djmans630,2025-01-31,18:02:59,-08:00,2025-01-31T18:02:59-08:00,0,58
global.js,55,js,5a1d459d,djmans630,2025-01-31,18:02:59,-08:00,2025-01-31T18:02:59-08:00,0,78
global.js,56,js,5a1d459d,djmans630,2025-01-31,18:02:59,-08:00,2025-01-31T18:02:59-08:00,0,45
global.js,57,js,9c3fbd56,djmans630,2025-01-31,18:17:50,-08:00,2025-01-31T18:17:50-08:00,0,2
global.js,58,js,9c3fbd56,djmans630,2025-01-31,18:17:50,-08:00,2025-01-31T18:17:50-08:00,0,0
global.js,59,js,9c3fbd56,djmans630,2025-01-31,18:17:50,-08:00,2025-01-31T18:17:50-08:00,0,37
global.js,60,js,9c3fbd56,djmans630,2025-01-31,18:17:50,-08:00,2025-01-31T18:17:50-08:00,0,4
global.js,61,js,9c3fbd56,djmans630,2025-01-31,18:17:50,-08:00,2025-01-31T18:17:50-08:00,0,40
global.js,62,js,9c3fbd56,djmans630,2025-01-31,18:17:50,-08:00,2025-01-31T18:17:50-08:00,0,33
global.js,63,js,9c3fbd56,djmans630,2025-01-31,18:17:50,-08:00,2025-01-31T18:17:50-08:00,0,21
global.js,64,js,9c3fbd56,djmans630,2025-01-31,18:17:50,-08:00,2025-01-31T18:17:50-08:00,0,18
global.js,65,js,9c3fbd56,djmans630,2025-01-31,18:17:50,-08:00,2025-01-31T18:17:50-08:00,0,67
global.js,66,js,9c3fbd56,djmans630,2025-01-31,18:17:50,-08:00,2025-01-31T18:17:50-08:00,0,0
global.js,67,js,9c3fbd56,djmans630,2025-01-31,18:17:50,-08:00,2025-01-31T18:17:50-08:00,0,0
global.js,68,js,9c3fbd56,djmans630,2025-01-31,18:17:50,-08:00,2025-01-31T18:17:50-08:00,0,34
global.js,69,js,9c3fbd56,djmans630,2025-01-31,18:17:50,-08:00,2025-01-31T18:17:50-08:00,0,11
global.js,70,js,9c3fbd56,djmans630,2025-01-31,18:17:50,-08:00,2025-01-31T18:17:50-08:00,0,0
global.js,71,js,9c3fbd56,djmans630,2025-01-31,18:17:50,-08:00,2025-01-31T18:17:50-08:00,0,0
global.js,72,js,9c3fbd56,djmans630,2025-01-31,18:17:50,-08:00,2025-01-31T18:17:50-08:00,0,14
global.js,73,js,9c3fbd56,djmans630,2025-01-31,18:17:50,-08:00,2025-01-31T18:17:50-08:00,0,60
global.js,74,js,9c3fbd56,djmans630,2025-01-31,18:17:50,-08:00,2025-01-31T18:17:50-08:00,0,0
global.js,75,js,7c6fe1ec,djmans630,2025-01-31,18:33:10,-08:00,2025-01-31T18:33:10-08:00,0,0
global.js,76,js,7c6fe1ec,djmans630,2025-01-31,18:33:10,-08:00,2025-01-31T18:33:10-08:00,0,0
global.js,77,js,94ce4bea,djmans630,2025-01-31,18:46:37,-08:00,2025-01-31T18:46:37-08:00,0,28
global.js,78,js,94ce4bea,djmans630,2025-01-31,18:46:37,-08:00,2025-01-31T18:46:37-08:00,0,0
global.js,79,js,94ce4bea,djmans630,2025-01-31,18:46:37,-08:00,2025-01-31T18:46:37-08:00,0,79
global.js,80,js,94ce4bea,djmans630,2025-01-31,18:46:37,-08:00,2025-01-31T18:46:37-08:00,0,48
global.js,81,js,94ce4bea,djmans630,2025-01-31,18:46:37,-08:00,2025-01-31T18:46:37-08:00,0,52
global.js,82,js,94ce4bea,djmans630,2025-01-31,18:46:37,-08:00,2025-01-31T18:46:37-08:00,0,6
global.js,83,js,94ce4bea,djmans630,2025-01-31,18:46:37,-08:00,2025-01-31T18:46:37-08:00,0,0
global.js,84,js,94ce4bea,djmans630,2025-01-31,18:46:37,-08:00,2025-01-31T18:46:37-08:00,0,58
global.js,85,js,94ce4bea,djmans630,2025-01-31,18:46:37,-08:00,2025-01-31T18:46:37-08:00,0,43
global.js,86,js,94ce4bea,djmans630,2025-01-31,18:46:37,-08:00,2025-01-31T18:46:37-08:00,0,76
global.js,87,js,94ce4bea,djmans630,2025-01-31,18:46:37,-08:00,2025-01-31T18:46:37-08:00,0,19
global.js,88,js,94ce4bea,djmans630,2025-01-31,18:46:37,-08:00,2025-01-31T18:46:37-08:00,0,0
global.js,89,js,94ce4bea,djmans630,2025-01-31,18:46:37,-08:00,2025-01-31T18:46:37-08:00,0,31
global.js,90,js,1b55fe9f,djmans630,2025-01-31,18:51:37,-08:00,2025-01-31T18:51:37-08:00,0,24
global.js,91,js,94ce4bea,djmans630,2025-01-31,18:46:37,-08:00,2025-01-31T18:46:37-08:00,0,49
global.js,92,js,94ce4bea,djmans630,2025-01-31,18:46:37,-08:00,2025-01-31T18:46:37-08:00,0,20
global.js,93,js,9bcb28d2,djmans630,2025-02-07,16:43:01,-08:00,2025-02-07T16:43:01-08:00,0,62
global.js,94,js,a2f7dfb0,djmans630,2025-01-31,21:37:41,-08:00,2025-01-31T21:37:41-08:00,0,68
global.js,95,js,1b55fe9f,djmans630,2025-01-31,18:51:37,-08:00,2025-01-31T18:51:37-08:00,0,25
global.js,96,js,94ce4bea,djmans630,2025-01-31,18:46:37,-08:00,2025-01-31T18:46:37-08:00,0,1
global.js,97,js,94ce4bea,djmans630,2025-01-31,18:46:37,-08:00,2025-01-31T18:46:37-08:00,0,37
global.js,98,js,94ce4bea,djmans630,2025-01-31,18:46:37,-08:00,2025-01-31T18:46:37-08:00,0,2
global.js,99,js,7704d150,djmans630,2025-01-31,20:15:49,-08:00,2025-01-31T20:15:49-08:00,0,0
global.js,100,js,7704d150,djmans630,2025-01-31,20:15:49,-08:00,2025-01-31T20:15:49-08:00,0,0
global.js,101,js,7704d150,djmans630,2025-01-31,20:15:49,-08:00,2025-01-31T20:15:49-08:00,0,39
global.js,102,js,7704d150,djmans630,2025-01-31,20:15:49,-08:00,2025-01-31T20:15:49-08:00,0,48
global.js,103,js,7704d150,djmans630,2025-01-31,20:15:49,-08:00,2025-01-31T20:15:49-08:00,0,60
global.js,104,js,6022c61c,djmans630,2025-01-31,21:12:15,-08:00,2025-01-31T21:12:15-08:00,0,0
global.js,105,js,6022c61c,djmans630,2025-01-31,21:12:15,-08:00,2025-01-31T21:12:15-08:00,0,0
global.js,106,js,6022c61c,djmans630,2025-01-31,21:12:15,-08:00,2025-01-31T21:12:15-08:00,0,40
resume\style.css,1,css,5e7038ff,djmans630,2025-01-17,20:43:36,-08:00,2025-01-17T20:43:36-08:00,0,5
resume\style.css,2,css,5e7038ff,djmans630,2025-01-17,20:43:36,-08:00,2025-01-17T20:43:36-08:00,0,44
resume\style.css,3,css,5e7038ff,djmans630,2025-01-17,20:43:36,-08:00,2025-01-17T20:43:36-08:00,0,43
resume\style.css,4,css,5e7038ff,djmans630,2025-01-17,20:43:36,-08:00,2025-01-17T20:43:36-08:00,0,1
resume\style.css,5,css,5e7038ff,djmans630,2025-01-17,20:43:36,-08:00,2025-01-17T20:43:36-08:00,0,24
resume\style.css,6,css,5e7038ff,djmans630,2025-01-17,20:43:36,-08:00,2025-01-17T20:43:36-08:00,0,16
resume\style.css,7,css,5e7038ff,djmans630,2025-01-17,20:43:36,-08:00,2025-01-17T20:43:36-08:00,0,19
resume\style.css,8,css,5e7038ff,djmans630,2025-01-17,20:43:36,-08:00,2025-01-17T20:43:36-08:00,0,13
resume\style.css,9,css,5e7038ff,djmans630,2025-01-17,20:43:36,-08:00,2025-01-17T20:43:36-08:00,0,0
resume\style.css,10,css,5e7038ff,djmans630,2025-01-17,20:43:36,-08:00,2025-01-17T20:43:36-08:00,0,0
resume\style.css,11,css,5e7038ff,djmans630,2025-01-17,20:43:36,-08:00,2025-01-17T20:43:36-08:00,0,2
resume\style.css,12,css,5e7038ff,djmans630,2025-01-17,20:43:36,-08:00,2025-01-17T20:43:36-08:00,0,8
resume\style.css,13,css,5e7038ff,djmans630,2025-01-17,20:43:36,-08:00,2025-01-17T20:43:36-08:00,0,17
resume\style.css,14,css,5e7038ff,djmans630,2025-01-17,20:43:36,-08:00,2025-01-17T20:43:36-08:00,0,0
resume\style.css,15,css,5e7038ff,djmans630,2025-01-17,20:43:36,-08:00,2025-01-17T20:43:36-08:00,0,0
resume\style.css,16,css,5e7038ff,djmans630,2025-01-17,20:43:36,-08:00,2025-01-17T20:43:36-08:00,0,4
resume\style.css,17,css,d82ec410,djmans630,2025-01-24,20:09:30,-08:00,2025-01-24T20:09:30-08:00,0,40
resume\style.css,18,css,5e7038ff,djmans630,2025-01-17,20:43:36,-08:00,2025-01-17T20:43:36-08:00,0,13
resume\style.css,19,css,5e7038ff,djmans630,2025-01-17,20:43:36,-08:00,2025-01-17T20:43:36-08:00,0,21
resume\style.css,20,css,5e7038ff,djmans630,2025-01-17,20:43:36,-08:00,2025-01-17T20:43:36-08:00,0,14
resume\style.css,21,css,5e7038ff,djmans630,2025-01-17,20:43:36,-08:00,2025-01-17T20:43:36-08:00,0,18
resume\style.css,22,css,5e7038ff,djmans630,2025-01-17,20:43:36,-08:00,2025-01-17T20:43:36-08:00,0,14
resume\style.css,23,css,5e7038ff,djmans630,2025-01-17,20:43:36,-08:00,2025-01-17T20:43:36-08:00,0,19
resume\style.css,24,css,5e7038ff,djmans630,2025-01-17,20:43:36,-08:00,2025-01-17T20:43:36-08:00,0,24
resume\style.css,25,css,5e7038ff,djmans630,2025-01-17,20:43:36,-08:00,2025-01-17T20:43:36-08:00,0,26
resume\style.css,26,css,d82ec410,djmans630,2025-01-24,20:09:30,-08:00,2025-01-24T20:09:30-08:00,0,42
resume\style.css,27,css,d82ec410,djmans630,2025-01-24,20:09:30,-08:00,2025-01-24T20:09:30-08:00,0,40
resume\style.css,28,css,5e7038ff,djmans630,2025-01-17,20:43:36,-08:00,2025-01-17T20:43:36-08:00,0,0
resume\style.css,29,css,5e7038ff,djmans630,2025-01-17,20:43:36,-08:00,2025-01-17T20:43:36-08:00,0,0
resume\style.css,30,css,5e7038ff,djmans630,2025-01-17,20:43:36,-08:00,2025-01-17T20:43:36-08:00,0,2
resume\style.css,31,css,5e7038ff,djmans630,2025-01-17,20:43:36,-08:00,2025-01-17T20:43:36-08:00,0,7
resume\style.css,32,css,5e7038ff,djmans630,2025-01-17,20:43:36,-08:00,2025-01-17T20:43:36-08:00,0,0
resume\style.css,33,css,5e7038ff,djmans630,2025-01-17,20:43:36,-08:00,2025-01-17T20:43:36-08:00,0,0
resume\style.css,34,css,5e7038ff,djmans630,2025-01-17,20:43:36,-08:00,2025-01-17T20:43:36-08:00,0,9
resume\style.css,35,css,5e7038ff,djmans630,2025-01-17,20:43:36,-08:00,2025-01-17T20:43:36-08:00,0,44
resume\style.css,36,css,5e7038ff,djmans630,2025-01-17,20:43:36,-08:00,2025-01-17T20:43:36-08:00,0,21
resume\style.css,37,css,5e7038ff,djmans630,2025-01-17,20:43:36,-08:00,2025-01-17T20:43:36-08:00,0,0
resume\style.css,38,css,5e7038ff,djmans630,2025-01-17,20:43:36,-08:00,2025-01-17T20:43:36-08:00,0,0
resume\style.css,39,css,5e7038ff,djmans630,2025-01-17,20:43:36,-08:00,2025-01-17T20:43:36-08:00,0,5
resume\style.css,40,css,5e7038ff,djmans630,2025-01-17,20:43:36,-08:00,2025-01-17T20:43:36-08:00,0,35
resume\style.css,41,css,5e7038ff,djmans630,2025-01-17,20:43:36,-08:00,2025-01-17T20:43:36-08:00,0,0
resume\style.css,42,css,5e7038ff,djmans630,2025-01-17,20:43:36,-08:00,2025-01-17T20:43:36-08:00,0,0
resume\style.css,43,css,5e7038ff,djmans630,2025-01-17,20:43:36,-08:00,2025-01-17T20:43:36-08:00,0,4
resume\style.css,44,css,5e7038ff,djmans630,2025-01-17,20:43:36,-08:00,2025-01-17T20:43:36-08:00,0,33
resume\style.css,45,css,d82ec410,djmans630,2025-01-24,20:09:30,-08:00,2025-01-24T20:09:30-08:00,0,18
resume\style.css,46,css,5e7038ff,djmans630,2025-01-17,20:43:36,-08:00,2025-01-17T20:43:36-08:00,0,0
resume\style.css,47,css,5e7038ff,djmans630,2025-01-17,20:43:36,-08:00,2025-01-17T20:43:36-08:00,0,0
resume\style.css,48,css,5e7038ff,djmans630,2025-01-17,20:43:36,-08:00,2025-01-17T20:43:36-08:00,0,7
resume\style.css,49,css,5e7038ff,djmans630,2025-01-17,20:43:36,-08:00,2025-01-17T20:43:36-08:00,0,46
resume\style.css,50,css,5e7038ff,djmans630,2025-01-17,20:43:36,-08:00,2025-01-17T20:43:36-08:00,0,21
resume\style.css,51,css,fe8cd3d6,djmans630,2025-01-24,20:36:01,-08:00,2025-01-24T20:36:01-08:00,0,0
resume\style.css,52,css,fe8cd3d6,djmans630,2025-01-24,20:36:01,-08:00,2025-01-24T20:36:01-08:00,0,0
resume\style.css,53,css,fe8cd3d6,djmans630,2025-01-24,20:36:01,-08:00,2025-01-24T20:36:01-08:00,0,18
resume\style.css,54,css,fe8cd3d6,djmans630,2025-01-24,20:36:01,-08:00,2025-01-24T20:36:01-08:00,0,17
resume\style.css,55,css,fe8cd3d6,djmans630,2025-01-24,20:36:01,-08:00,2025-01-24T20:36:01-08:00,0,9
resume\style.css,56,css,fe8cd3d6,djmans630,2025-01-24,20:36:01,-08:00,2025-01-24T20:36:01-08:00,0,10
resume\style.css,57,css,fe8cd3d6,djmans630,2025-01-24,20:36:01,-08:00,2025-01-24T20:36:01-08:00,0,13
resume\style.css,58,css,fe8cd3d6,djmans630,2025-01-24,20:36:01,-08:00,2025-01-24T20:36:01-08:00,0,19
resume\style.css,59,css,5e7038ff,djmans630,2025-01-17,20:43:36,-08:00,2025-01-17T20:43:36-08:00,0,0
resume\index.html,1,html,450ad41e,djmans630,2025-01-10,18:12:27,-08:00,2025-01-10T18:12:27-08:00,0,14
resume\index.html,2,html,924a6897,djmans630,2025-01-17,21:17:43,-08:00,2025-01-17T21:17:43-08:00,0,69
resume\index.html,3,html,d82ec410,djmans630,2025-01-24,20:09:30,-08:00,2025-01-24T20:09:30-08:00,0,49
resume\index.html,4,html,450ad41e,djmans630,2025-01-10,18:12:27,-08:00,2025-01-10T18:12:27-08:00,0,5
resume\index.html,5,html,e709e8eb,djmans630,2025-01-17,21:01:25,-08:00,2025-01-17T21:01:25-08:00,0,43
resume\index.html,6,html,450ad41e,djmans630,2025-01-10,18:12:27,-08:00,2025-01-10T18:12:27-08:00,0,21
resume\index.html,7,html,450ad41e,djmans630,2025-01-10,18:12:27,-08:00,2025-01-10T18:12:27-08:00,0,69
resume\index.html,8,html,450ad41e,djmans630,2025-01-10,18:12:27,-08:00,2025-01-10T18:12:27-08:00,0,22
resume\index.html,9,html,5e7038ff,djmans630,2025-01-17,20:43:36,-08:00,2025-01-17T20:43:36-08:00,0,14
resume\index.html,10,html,5e7038ff,djmans630,2025-01-17,20:43:36,-08:00,2025-01-17T20:43:36-08:00,0,6
resume\index.html,11,html,924a6897,djmans630,2025-01-17,21:17:43,-08:00,2025-01-17T21:17:43-08:00,0,42
resume\index.html,12,html,d82ec410,djmans630,2025-01-24,20:09:30,-08:00,2025-01-24T20:09:30-08:00,0,9
resume\index.html,13,html,450ad41e,djmans630,2025-01-10,18:12:27,-08:00,2025-01-10T18:12:27-08:00,0,3
resume\index.html,14,html,450ad41e,djmans630,2025-01-10,18:12:27,-08:00,2025-01-10T18:12:27-08:00,0,46
resume\index.html,15,html,450ad41e,djmans630,2025-01-10,18:12:27,-08:00,2025-01-10T18:12:27-08:00,0,53
resume\index.html,16,html,450ad41e,djmans630,2025-01-10,18:12:27,-08:00,2025-01-10T18:12:27-08:00,0,51
resume\index.html,17,html,d82ec410,djmans630,2025-01-24,20:09:30,-08:00,2025-01-24T20:09:30-08:00,0,39
resume\index.html,18,html,450ad41e,djmans630,2025-01-10,18:12:27,-08:00,2025-01-10T18:12:27-08:00,0,61
resume\index.html,19,html,450ad41e,djmans630,2025-01-10,18:12:27,-08:00,2025-01-10T18:12:27-08:00,0,4
resume\index.html,20,html,d82ec410,djmans630,2025-01-24,20:09:30,-08:00,2025-01-24T20:09:30-08:00,0,9
resume\index.html,21,html,c2574536,djmans630,2025-01-10,18:55:20,-08:00,2025-01-10T18:55:20-08:00,0,14
resume\index.html,22,html,c2574536,djmans630,2025-01-10,18:55:20,-08:00,2025-01-10T18:55:20-08:00,0,3
resume\index.html,23,html,c2574536,djmans630,2025-01-10,18:55:20,-08:00,2025-01-10T18:55:20-08:00,0,22
resume\index.html,24,html,c2574536,djmans630,2025-01-10,18:55:20,-08:00,2025-01-10T18:55:20-08:00,0,26
resume\index.html,25,html,c2574536,djmans630,2025-01-10,18:55:20,-08:00,2025-01-10T18:55:20-08:00,0,68
resume\index.html,26,html,c2574536,djmans630,2025-01-10,18:55:20,-08:00,2025-01-10T18:55:20-08:00,0,34
resume\index.html,27,html,c2574536,djmans630,2025-01-10,18:55:20,-08:00,2025-01-10T18:55:20-08:00,0,4
resume\index.html,28,html,2b3c979b,djmans630,2025-01-10,19:30:32,-08:00,2025-01-10T19:30:32-08:00,0,8
resume\index.html,29,html,c2574536,djmans630,2025-01-10,18:55:20,-08:00,2025-01-10T18:55:20-08:00,0,18
resume\index.html,30,html,c2574536,djmans630,2025-01-10,18:55:20,-08:00,2025-01-10T18:55:20-08:00,0,34
resume\index.html,31,html,c2574536,djmans630,2025-01-10,18:55:20,-08:00,2025-01-10T18:55:20-08:00,0,67
resume\index.html,32,html,c2574536,djmans630,2025-01-10,18:55:20,-08:00,2025-01-10T18:55:20-08:00,0,723
resume\index.html,33,html,c2574536,djmans630,2025-01-10,18:55:20,-08:00,2025-01-10T18:55:20-08:00,0,38
resume\index.html,34,html,c2574536,djmans630,2025-01-10,18:55:20,-08:00,2025-01-10T18:55:20-08:00,0,67
resume\index.html,35,html,c2574536,djmans630,2025-01-10,18:55:20,-08:00,2025-01-10T18:55:20-08:00,0,495
resume\index.html,36,html,c2574536,djmans630,2025-01-10,18:55:20,-08:00,2025-01-10T18:55:20-08:00,0,28
resume\index.html,37,html,c2574536,djmans630,2025-01-10,18:55:20,-08:00,2025-01-10T18:55:20-08:00,0,67
resume\index.html,38,html,c2574536,djmans630,2025-01-10,18:55:20,-08:00,2025-01-10T18:55:20-08:00,0,124
resume\index.html,39,html,c2574536,djmans630,2025-01-10,18:55:20,-08:00,2025-01-10T18:55:20-08:00,0,9
resume\index.html,40,html,2b3c979b,djmans630,2025-01-10,19:30:32,-08:00,2025-01-10T19:30:32-08:00,0,8
resume\index.html,41,html,c2574536,djmans630,2025-01-10,18:55:20,-08:00,2025-01-10T18:55:20-08:00,0,17
resume\index.html,42,html,c2574536,djmans630,2025-01-10,18:55:20,-08:00,2025-01-10T18:55:20-08:00,0,64
resume\index.html,43,html,c2574536,djmans630,2025-01-10,18:55:20,-08:00,2025-01-10T18:55:20-08:00,0,66
resume\index.html,44,html,c2574536,djmans630,2025-01-10,18:55:20,-08:00,2025-01-10T18:55:20-08:00,0,616
resume\index.html,45,html,c2574536,djmans630,2025-01-10,18:55:20,-08:00,2025-01-10T18:55:20-08:00,0,54
resume\index.html,46,html,c2574536,djmans630,2025-01-10,18:55:20,-08:00,2025-01-10T18:55:20-08:00,0,67
resume\index.html,47,html,c2574536,djmans630,2025-01-10,18:55:20,-08:00,2025-01-10T18:55:20-08:00,0,173
resume\index.html,48,html,c2574536,djmans630,2025-01-10,18:55:20,-08:00,2025-01-10T18:55:20-08:00,0,191
resume\index.html,49,html,c2574536,djmans630,2025-01-10,18:55:20,-08:00,2025-01-10T18:55:20-08:00,0,9
resume\index.html,50,html,450ad41e,djmans630,2025-01-10,18:12:27,-08:00,2025-01-10T18:12:27-08:00,0,6
resume\index.html,51,html,450ad41e,djmans630,2025-01-10,18:12:27,-08:00,2025-01-10T18:12:27-08:00,0,6
projects\style.css,1,css,0e80903b,djmans630,2025-01-17,20:36:24,-08:00,2025-01-17T20:36:24-08:00,0,9
projects\style.css,2,css,0e80903b,djmans630,2025-01-17,20:36:24,-08:00,2025-01-17T20:36:24-08:00,0,13
projects\style.css,3,css,0e80903b,djmans630,2025-01-17,20:36:24,-08:00,2025-01-17T20:36:24-08:00,0,59
projects\style.css,4,css,0e80903b,djmans630,2025-01-17,20:36:24,-08:00,2025-01-17T20:36:24-08:00,0,0
projects\style.css,5,css,0e80903b,djmans630,2025-01-17,20:36:24,-08:00,2025-01-17T20:36:24-08:00,0,0
projects\style.css,6,css,0e80903b,djmans630,2025-01-17,20:36:24,-08:00,2025-01-17T20:36:24-08:00,0,0
projects\style.css,7,css,0e80903b,djmans630,2025-01-17,20:36:24,-08:00,2025-01-17T20:36:24-08:00,0,7
projects\style.css,8,css,0e80903b,djmans630,2025-01-17,20:36:24,-08:00,2025-01-17T20:36:24-08:00,0,27
projects\style.css,9,css,0e80903b,djmans630,2025-01-17,20:36:24,-08:00,2025-01-17T20:36:24-08:00,0,16
projects\style.css,10,css,0e80903b,djmans630,2025-01-17,20:36:24,-08:00,2025-01-17T20:36:24-08:00,0,8
projects\style.css,11,css,0e80903b,djmans630,2025-01-17,20:36:24,-08:00,2025-01-17T20:36:24-08:00,0,0
projects\style.css,12,css,0e80903b,djmans630,2025-01-17,20:36:24,-08:00,2025-01-17T20:36:24-08:00,0,0
projects\style.css,13,css,0e80903b,djmans630,2025-01-17,20:36:24,-08:00,2025-01-17T20:36:24-08:00,0,2
projects\style.css,14,css,0e80903b,djmans630,2025-01-17,20:36:24,-08:00,2025-01-17T20:36:24-08:00,0,9
projects\style.css,15,css,0e80903b,djmans630,2025-01-17,20:36:24,-08:00,2025-01-17T20:36:24-08:00,0,16
projects\style.css,16,css,73f1ebf9,djmans630,2025-01-17,20:37:23,-08:00,2025-01-17T20:37:23-08:00,0,18
projects\style.css,17,css,0e80903b,djmans630,2025-01-17,20:36:24,-08:00,2025-01-17T20:36:24-08:00,0,0
projects\style.css,18,css,0e80903b,djmans630,2025-01-17,20:36:24,-08:00,2025-01-17T20:36:24-08:00,0,0
projects\style.css,19,css,0e80903b,djmans630,2025-01-17,20:36:24,-08:00,2025-01-17T20:36:24-08:00,0,2
projects\style.css,20,css,0e80903b,djmans630,2025-01-17,20:36:24,-08:00,2025-01-17T20:36:24-08:00,0,15
projects\style.css,21,css,0e80903b,djmans630,2025-01-17,20:36:24,-08:00,2025-01-17T20:36:24-08:00,0,16
projects\style.css,22,css,73f1ebf9,djmans630,2025-01-17,20:37:23,-08:00,2025-01-17T20:37:23-08:00,0,18
projects\style.css,23,css,8bdf0928,djmans630,2025-01-17,20:39:05,-08:00,2025-01-17T20:39:05-08:00,0,0
projects\style.css,24,css,8bdf0928,djmans630,2025-01-17,20:39:05,-08:00,2025-01-17T20:39:05-08:00,0,0
projects\style.css,25,css,8bdf0928,djmans630,2025-01-17,20:39:05,-08:00,2025-01-17T20:39:05-08:00,0,5
projects\style.css,26,css,8bdf0928,djmans630,2025-01-17,20:39:05,-08:00,2025-01-17T20:39:05-08:00,0,44
projects\style.css,27,css,8bdf0928,djmans630,2025-01-17,20:39:05,-08:00,2025-01-17T20:39:05-08:00,0,43
projects\style.css,28,css,8bdf0928,djmans630,2025-01-17,20:39:05,-08:00,2025-01-17T20:39:05-08:00,0,1
projects\style.css,29,css,8bdf0928,djmans630,2025-01-17,20:39:05,-08:00,2025-01-17T20:39:05-08:00,0,24
projects\style.css,30,css,8bdf0928,djmans630,2025-01-17,20:39:05,-08:00,2025-01-17T20:39:05-08:00,0,16
projects\style.css,31,css,8bdf0928,djmans630,2025-01-17,20:39:05,-08:00,2025-01-17T20:39:05-08:00,0,19
projects\style.css,32,css,8bdf0928,djmans630,2025-01-17,20:39:05,-08:00,2025-01-17T20:39:05-08:00,0,13
projects\style.css,33,css,8bdf0928,djmans630,2025-01-17,20:39:05,-08:00,2025-01-17T20:39:05-08:00,0,0
projects\style.css,34,css,8bdf0928,djmans630,2025-01-17,20:39:05,-08:00,2025-01-17T20:39:05-08:00,0,0
projects\style.css,35,css,8bdf0928,djmans630,2025-01-17,20:39:05,-08:00,2025-01-17T20:39:05-08:00,0,2
projects\style.css,36,css,8bdf0928,djmans630,2025-01-17,20:39:05,-08:00,2025-01-17T20:39:05-08:00,0,8
projects\style.css,37,css,8bdf0928,djmans630,2025-01-17,20:39:05,-08:00,2025-01-17T20:39:05-08:00,0,17
projects\style.css,38,css,8bdf0928,djmans630,2025-01-17,20:39:05,-08:00,2025-01-17T20:39:05-08:00,0,0
projects\style.css,39,css,8bdf0928,djmans630,2025-01-17,20:39:05,-08:00,2025-01-17T20:39:05-08:00,0,0
projects\style.css,40,css,8bdf0928,djmans630,2025-01-17,20:39:05,-08:00,2025-01-17T20:39:05-08:00,0,4
projects\style.css,41,css,d82ec410,djmans630,2025-01-24,20:09:30,-08:00,2025-01-24T20:09:30-08:00,0,40
projects\style.css,42,css,8bdf0928,djmans630,2025-01-17,20:39:05,-08:00,2025-01-17T20:39:05-08:00,0,13
projects\style.css,43,css,8bdf0928,djmans630,2025-01-17,20:39:05,-08:00,2025-01-17T20:39:05-08:00,0,21
projects\style.css,44,css,8bdf0928,djmans630,2025-01-17,20:39:05,-08:00,2025-01-17T20:39:05-08:00,0,14
projects\style.css,45,css,8bdf0928,djmans630,2025-01-17,20:39:05,-08:00,2025-01-17T20:39:05-08:00,0,18
projects\style.css,46,css,8bdf0928,djmans630,2025-01-17,20:39:05,-08:00,2025-01-17T20:39:05-08:00,0,14
projects\style.css,47,css,8bdf0928,djmans630,2025-01-17,20:39:05,-08:00,2025-01-17T20:39:05-08:00,0,19
projects\style.css,48,css,8bdf0928,djmans630,2025-01-17,20:39:05,-08:00,2025-01-17T20:39:05-08:00,0,24
projects\style.css,49,css,8bdf0928,djmans630,2025-01-17,20:39:05,-08:00,2025-01-17T20:39:05-08:00,0,26
projects\style.css,50,css,d82ec410,djmans630,2025-01-24,20:09:30,-08:00,2025-01-24T20:09:30-08:00,0,42
projects\style.css,51,css,d82ec410,djmans630,2025-01-24,20:09:30,-08:00,2025-01-24T20:09:30-08:00,0,40
projects\style.css,52,css,8bdf0928,djmans630,2025-01-17,20:39:05,-08:00,2025-01-17T20:39:05-08:00,0,0
projects\style.css,53,css,8bdf0928,djmans630,2025-01-17,20:39:05,-08:00,2025-01-17T20:39:05-08:00,0,0
projects\style.css,54,css,8bdf0928,djmans630,2025-01-17,20:39:05,-08:00,2025-01-17T20:39:05-08:00,0,2
projects\style.css,55,css,8bdf0928,djmans630,2025-01-17,20:39:05,-08:00,2025-01-17T20:39:05-08:00,0,7
projects\style.css,56,css,8bdf0928,djmans630,2025-01-17,20:39:05,-08:00,2025-01-17T20:39:05-08:00,0,0
projects\style.css,57,css,8bdf0928,djmans630,2025-01-17,20:39:05,-08:00,2025-01-17T20:39:05-08:00,0,0
projects\style.css,58,css,8bdf0928,djmans630,2025-01-17,20:39:05,-08:00,2025-01-17T20:39:05-08:00,0,9
projects\style.css,59,css,8bdf0928,djmans630,2025-01-17,20:39:05,-08:00,2025-01-17T20:39:05-08:00,0,44
projects\style.css,60,css,8bdf0928,djmans630,2025-01-17,20:39:05,-08:00,2025-01-17T20:39:05-08:00,0,21
projects\style.css,61,css,8bdf0928,djmans630,2025-01-17,20:39:05,-08:00,2025-01-17T20:39:05-08:00,0,0
projects\style.css,62,css,8bdf0928,djmans630,2025-01-17,20:39:05,-08:00,2025-01-17T20:39:05-08:00,0,0
projects\style.css,63,css,8bdf0928,djmans630,2025-01-17,20:39:05,-08:00,2025-01-17T20:39:05-08:00,0,5
projects\style.css,64,css,8bdf0928,djmans630,2025-01-17,20:39:05,-08:00,2025-01-17T20:39:05-08:00,0,35
projects\style.css,65,css,8bdf0928,djmans630,2025-01-17,20:39:05,-08:00,2025-01-17T20:39:05-08:00,0,0
projects\style.css,66,css,8bdf0928,djmans630,2025-01-17,20:39:05,-08:00,2025-01-17T20:39:05-08:00,0,0
projects\style.css,67,css,8bdf0928,djmans630,2025-01-17,20:39:05,-08:00,2025-01-17T20:39:05-08:00,0,4
projects\style.css,68,css,8bdf0928,djmans630,2025-01-17,20:39:05,-08:00,2025-01-17T20:39:05-08:00,0,33
projects\style.css,69,css,d82ec410,djmans630,2025-01-24,20:09:30,-08:00,2025-01-24T20:09:30-08:00,0,18
projects\style.css,70,css,8bdf0928,djmans630,2025-01-17,20:39:05,-08:00,2025-01-17T20:39:05-08:00,0,0
projects\style.css,71,css,8bdf0928,djmans630,2025-01-17,20:39:05,-08:00,2025-01-17T20:39:05-08:00,0,0
projects\style.css,72,css,8bdf0928,djmans630,2025-01-17,20:39:05,-08:00,2025-01-17T20:39:05-08:00,0,7
projects\style.css,73,css,8bdf0928,djmans630,2025-01-17,20:39:05,-08:00,2025-01-17T20:39:05-08:00,0,46
projects\style.css,74,css,8bdf0928,djmans630,2025-01-17,20:39:05,-08:00,2025-01-17T20:39:05-08:00,0,21
projects\style.css,75,css,fe8cd3d6,djmans630,2025-01-24,20:36:01,-08:00,2025-01-24T20:36:01-08:00,0,0
projects\style.css,76,css,fe8cd3d6,djmans630,2025-01-24,20:36:01,-08:00,2025-01-24T20:36:01-08:00,0,0
projects\style.css,77,css,fe8cd3d6,djmans630,2025-01-24,20:36:01,-08:00,2025-01-24T20:36:01-08:00,0,18
projects\style.css,78,css,fe8cd3d6,djmans630,2025-01-24,20:36:01,-08:00,2025-01-24T20:36:01-08:00,0,17
projects\style.css,79,css,fe8cd3d6,djmans630,2025-01-24,20:36:01,-08:00,2025-01-24T20:36:01-08:00,0,9
projects\style.css,80,css,fe8cd3d6,djmans630,2025-01-24,20:36:01,-08:00,2025-01-24T20:36:01-08:00,0,10
projects\style.css,81,css,fe8cd3d6,djmans630,2025-01-24,20:36:01,-08:00,2025-01-24T20:36:01-08:00,0,13
projects\style.css,82,css,fe8cd3d6,djmans630,2025-01-24,20:36:01,-08:00,2025-01-24T20:36:01-08:00,0,19
projects\style.css,83,css,a2f7dfb0,djmans630,2025-01-31,21:37:41,-08:00,2025-01-31T21:37:41-08:00,0,0
projects\style.css,84,css,a2f7dfb0,djmans630,2025-01-31,21:37:41,-08:00,2025-01-31T21:37:41-08:00,0,0
projects\style.css,85,css,74e4592b,djmans630,2025-01-31,21:38:49,-08:00,2025-01-31T21:38:49-08:00,0,15
projects\style.css,86,css,1a068937,djmans630,2025-02-07,19:26:07,-08:00,2025-02-07T19:26:07-08:00,0,15
projects\style.css,87,css,1a068937,djmans630,2025-02-07,19:26:07,-08:00,2025-02-07T19:26:07-08:00,0,12
projects\style.css,88,css,1a068937,djmans630,2025-02-07,19:26:07,-08:00,2025-02-07T19:26:07-08:00,0,17
projects\style.css,89,css,1a068937,djmans630,2025-02-07,19:26:07,-08:00,2025-02-07T19:26:07-08:00,0,17
projects\style.css,90,css,1a068937,djmans630,2025-02-07,19:26:07,-08:00,2025-02-07T19:26:07-08:00,0,18
projects\style.css,91,css,635cc2af,djmans630,2025-02-07,16:46:50,-08:00,2025-02-07T16:46:50-08:00,0,0
projects\style.css,92,css,635cc2af,djmans630,2025-02-07,16:46:50,-08:00,2025-02-07T16:46:50-08:00,0,0
projects\style.css,93,css,635cc2af,djmans630,2025-02-07,16:46:50,-08:00,2025-02-07T16:46:50-08:00,0,19
projects\style.css,94,css,11943e93,djmans630,2025-02-07,23:16:14,-08:00,2025-02-07T23:16:14-08:00,0,15
projects\style.css,95,css,11943e93,djmans630,2025-02-07,23:16:14,-08:00,2025-02-07T23:16:14-08:00,0,17
projects\style.css,96,css,11943e93,djmans630,2025-02-07,23:16:14,-08:00,2025-02-07T23:16:14-08:00,0,0
projects\style.css,97,css,11943e93,djmans630,2025-02-07,23:16:14,-08:00,2025-02-07T23:16:14-08:00,0,17
projects\style.css,98,css,5fb1c9c8,djmans630,2025-02-07,19:17:31,-08:00,2025-02-07T19:17:31-08:00,0,0
projects\style.css,99,css,5fb1c9c8,djmans630,2025-02-07,19:17:31,-08:00,2025-02-07T19:17:31-08:00,0,0
projects\style.css,100,css,60c760c3,djmans630,2025-02-07,20:56:13,-08:00,2025-02-07T20:56:13-08:00,0,52
projects\style.css,101,css,60c760c3,djmans630,2025-02-07,20:56:13,-08:00,2025-02-07T20:56:13-08:00,0,12
projects\style.css,102,css,60c760c3,djmans630,2025-02-07,20:56:13,-08:00,2025-02-07T20:56:13-08:00,0,0
projects\style.css,103,css,60c760c3,djmans630,2025-02-07,20:56:13,-08:00,2025-02-07T20:56:13-08:00,0,0
projects\style.css,104,css,5fb1c9c8,djmans630,2025-02-07,19:17:31,-08:00,2025-02-07T19:17:31-08:00,0,8
projects\style.css,105,css,1518c54d,djmans630,2025-02-07,21:28:29,-08:00,2025-02-07T21:28:29-08:00,0,13
projects\style.css,106,css,9451a97a,djmans630,2025-02-07,23:39:37,-08:00,2025-02-07T23:39:37-08:00,0,15
projects\style.css,107,css,9451a97a,djmans630,2025-02-07,23:39:37,-08:00,2025-02-07T23:39:37-08:00,0,23
projects\style.css,108,css,9451a97a,djmans630,2025-02-07,23:39:37,-08:00,2025-02-07T23:39:37-08:00,0,8
projects\style.css,109,css,5fb1c9c8,djmans630,2025-02-07,19:17:31,-08:00,2025-02-07T19:17:31-08:00,0,13
projects\style.css,110,css,5fb1c9c8,djmans630,2025-02-07,19:17:31,-08:00,2025-02-07T19:17:31-08:00,0,36
projects\style.css,111,css,5fb1c9c8,djmans630,2025-02-07,19:17:31,-08:00,2025-02-07T19:17:31-08:00,0,18
projects\style.css,112,css,584338cd,djmans630,2025-02-07,21:22:48,-08:00,2025-02-07T21:22:48-08:00,0,22
projects\style.css,113,css,9451a97a,djmans630,2025-02-07,23:39:37,-08:00,2025-02-07T23:39:37-08:00,0,41
projects\style.css,114,css,9451a97a,djmans630,2025-02-07,23:39:37,-08:00,2025-02-07T23:39:37-08:00,0,54
projects\style.css,115,css,9451a97a,djmans630,2025-02-07,23:39:37,-08:00,2025-02-07T23:39:37-08:00,0,47
projects\style.css,116,css,5fb1c9c8,djmans630,2025-02-07,19:17:31,-08:00,2025-02-07T19:17:31-08:00,0,0
projects\style.css,117,css,5fb1c9c8,djmans630,2025-02-07,19:17:31,-08:00,2025-02-07T19:17:31-08:00,0,0
projects\style.css,118,css,5fb1c9c8,djmans630,2025-02-07,19:17:31,-08:00,2025-02-07T19:17:31-08:00,0,13
projects\style.css,119,css,5fb1c9c8,djmans630,2025-02-07,19:17:31,-08:00,2025-02-07T19:17:31-08:00,0,13
projects\style.css,120,css,5fb1c9c8,djmans630,2025-02-07,19:17:31,-08:00,2025-02-07T19:17:31-08:00,0,19
projects\style.css,121,css,9451a97a,djmans630,2025-02-07,23:39:37,-08:00,2025-02-07T23:39:37-08:00,0,52
projects\style.css,122,css,9451a97a,djmans630,2025-02-07,23:39:37,-08:00,2025-02-07T23:39:37-08:00,0,57
projects\style.css,123,css,5fb1c9c8,djmans630,2025-02-07,19:17:31,-08:00,2025-02-07T19:17:31-08:00,0,0
projects\style.css,124,css,5fb1c9c8,djmans630,2025-02-07,19:17:31,-08:00,2025-02-07T19:17:31-08:00,0,0
projects\style.css,125,css,1518c54d,djmans630,2025-02-07,21:28:29,-08:00,2025-02-07T21:28:29-08:00,0,0
projects\style.css,126,css,5fb1c9c8,djmans630,2025-02-07,19:17:31,-08:00,2025-02-07T19:17:31-08:00,0,21
projects\style.css,127,css,5fb1c9c8,djmans630,2025-02-07,19:17:31,-08:00,2025-02-07T19:17:31-08:00,0,10
projects\style.css,128,css,5fb1c9c8,djmans630,2025-02-07,19:17:31,-08:00,2025-02-07T19:17:31-08:00,0,11
projects\style.css,129,css,d5464261,djmans630,2025-02-07,19:58:36,-08:00,2025-02-07T19:58:36-08:00,0,24
projects\style.css,130,css,584338cd,djmans630,2025-02-07,21:22:48,-08:00,2025-02-07T21:22:48-08:00,0,51
projects\style.css,131,css,5fb1c9c8,djmans630,2025-02-07,19:17:31,-08:00,2025-02-07T19:17:31-08:00,0,21
projects\style.css,132,css,1a068937,djmans630,2025-02-07,19:26:07,-08:00,2025-02-07T19:26:07-08:00,0,0
projects\style.css,133,css,1a068937,djmans630,2025-02-07,19:26:07,-08:00,2025-02-07T19:26:07-08:00,0,0
projects\style.css,134,css,1a068937,djmans630,2025-02-07,19:26:07,-08:00,2025-02-07T19:26:07-08:00,0,11
projects\style.css,135,css,1a068937,djmans630,2025-02-07,19:26:07,-08:00,2025-02-07T19:26:07-08:00,0,13
projects\style.css,136,css,9451a97a,djmans630,2025-02-07,23:39:37,-08:00,2025-02-07T23:39:37-08:00,0,19
projects\style.css,137,css,9451a97a,djmans630,2025-02-07,23:39:37,-08:00,2025-02-07T23:39:37-08:00,0,23
projects\style.css,138,css,9451a97a,djmans630,2025-02-07,23:39:37,-08:00,2025-02-07T23:39:37-08:00,0,36
projects\style.css,139,css,9451a97a,djmans630,2025-02-07,23:39:37,-08:00,2025-02-07T23:39:37-08:00,0,38
projects\style.css,140,css,9451a97a,djmans630,2025-02-07,23:39:37,-08:00,2025-02-07T23:39:37-08:00,0,12
projects\style.css,141,css,9451a97a,djmans630,2025-02-07,23:39:37,-08:00,2025-02-07T23:39:37-08:00,0,50
projects\style.css,142,css,335802e2,djmans630,2025-02-07,20:05:36,-08:00,2025-02-07T20:05:36-08:00,0,0
projects\style.css,143,css,335802e2,djmans630,2025-02-07,20:05:36,-08:00,2025-02-07T20:05:36-08:00,0,0
projects\style.css,144,css,335802e2,djmans630,2025-02-07,20:05:36,-08:00,2025-02-07T20:05:36-08:00,0,11
projects\style.css,145,css,335802e2,djmans630,2025-02-07,20:05:36,-08:00,2025-02-07T20:05:36-08:00,0,11
projects\style.css,146,css,335802e2,djmans630,2025-02-07,20:05:36,-08:00,2025-02-07T20:05:36-08:00,0,16
projects\style.css,147,css,335802e2,djmans630,2025-02-07,20:05:36,-08:00,2025-02-07T20:05:36-08:00,0,12
projects\style.css,148,css,335802e2,djmans630,2025-02-07,20:05:36,-08:00,2025-02-07T20:05:36-08:00,0,16
projects\style.css,149,css,335802e2,djmans630,2025-02-07,20:05:36,-08:00,2025-02-07T20:05:36-08:00,0,14
projects\style.css,150,css,335802e2,djmans630,2025-02-07,20:05:36,-08:00,2025-02-07T20:05:36-08:00,0,14
projects\style.css,151,css,335802e2,djmans630,2025-02-07,20:05:36,-08:00,2025-02-07T20:05:36-08:00,0,22
projects\style.css,152,css,335802e2,djmans630,2025-02-07,20:05:36,-08:00,2025-02-07T20:05:36-08:00,0,18
projects\style.css,153,css,60c760c3,djmans630,2025-02-07,20:56:13,-08:00,2025-02-07T20:56:13-08:00,0,0
projects\style.css,154,css,60c760c3,djmans630,2025-02-07,20:56:13,-08:00,2025-02-07T20:56:13-08:00,0,0
projects\style.css,155,css,60c760c3,djmans630,2025-02-07,20:56:13,-08:00,2025-02-07T20:56:13-08:00,0,5
projects\style.css,156,css,60c760c3,djmans630,2025-02-07,20:56:13,-08:00,2025-02-07T20:56:13-08:00,0,17
projects\style.css,157,css,60c760c3,djmans630,2025-02-07,20:56:13,-08:00,2025-02-07T20:56:13-08:00,0,15
projects\style.css,158,css,60c760c3,djmans630,2025-02-07,20:56:13,-08:00,2025-02-07T20:56:13-08:00,0,0
projects\style.css,159,css,60c760c3,djmans630,2025-02-07,20:56:13,-08:00,2025-02-07T20:56:13-08:00,0,0
projects\style.css,160,css,60c760c3,djmans630,2025-02-07,20:56:13,-08:00,2025-02-07T20:56:13-08:00,0,10
projects\style.css,161,css,60c760c3,djmans630,2025-02-07,20:56:13,-08:00,2025-02-07T20:56:13-08:00,0,69
projects\style.css,162,css,584338cd,djmans630,2025-02-07,21:22:48,-08:00,2025-02-07T21:22:48-08:00,0,17
projects\style.css,163,css,584338cd,djmans630,2025-02-07,21:22:48,-08:00,2025-02-07T21:22:48-08:00,0,26
projects\style.css,164,css,60c760c3,djmans630,2025-02-07,20:56:13,-08:00,2025-02-07T20:56:13-08:00,0,0
projects\style.css,165,css,60c760c3,djmans630,2025-02-07,20:56:13,-08:00,2025-02-07T20:56:13-08:00,0,0
projects\style.css,166,css,60c760c3,djmans630,2025-02-07,20:56:13,-08:00,2025-02-07T20:56:13-08:00,0,19
projects\style.css,167,css,60c760c3,djmans630,2025-02-07,20:56:13,-08:00,2025-02-07T20:56:13-08:00,0,18
projects\style.css,168,css,60c760c3,djmans630,2025-02-07,20:56:13,-08:00,2025-02-07T20:56:13-08:00,0,0
projects\style.css,169,css,60c760c3,djmans630,2025-02-07,20:56:13,-08:00,2025-02-07T20:56:13-08:00,0,0
projects\style.css,170,css,60c760c3,djmans630,2025-02-07,20:56:13,-08:00,2025-02-07T20:56:13-08:00,0,17
projects\style.css,171,css,60c760c3,djmans630,2025-02-07,20:56:13,-08:00,2025-02-07T20:56:13-08:00,0,17
projects\style.css,172,css,60c760c3,djmans630,2025-02-07,20:56:13,-08:00,2025-02-07T20:56:13-08:00,0,26
projects\style.css,173,css,a2f7dfb0,djmans630,2025-01-31,21:37:41,-08:00,2025-01-31T21:37:41-08:00,0,0
projects\projects.js,1,js,408435a9,djmans630,2025-01-31,19:04:00,-08:00,2025-01-31T19:04:00-08:00,0,56
projects\projects.js,2,js,60c760c3,djmans630,2025-02-07,20:56:13,-08:00,2025-02-07T20:56:13-08:00,0,64
projects\projects.js,3,js,60c760c3,djmans630,2025-02-07,20:56:13,-08:00,2025-02-07T20:56:13-08:00,0,0
projects\projects.js,4,js,584338cd,djmans630,2025-02-07,21:22:48,-08:00,2025-02-07T21:22:48-08:00,0,17
projects\projects.js,5,js,584338cd,djmans630,2025-02-07,21:22:48,-08:00,2025-02-07T21:22:48-08:00,0,14
projects\projects.js,6,js,584338cd,djmans630,2025-02-07,21:22:48,-08:00,2025-02-07T21:22:48-08:00,0,22
projects\projects.js,7,js,6bd093d6,djmans630,2025-01-31,19:13:17,-08:00,2025-01-31T19:13:17-08:00,0,0
projects\projects.js,8,js,6bd093d6,djmans630,2025-01-31,19:13:17,-08:00,2025-01-31T19:13:17-08:00,0,30
projects\projects.js,9,js,584338cd,djmans630,2025-02-07,21:22:48,-08:00,2025-02-07T21:22:48-08:00,0,50
projects\projects.js,10,js,15d9adb8,djmans630,2025-02-07,22:27:08,-08:00,2025-02-07T22:27:08-08:00,0,41
projects\projects.js,11,js,584338cd,djmans630,2025-02-07,21:22:48,-08:00,2025-02-07T21:22:48-08:00,0,61
projects\projects.js,12,js,584338cd,djmans630,2025-02-07,21:22:48,-08:00,2025-02-07T21:22:48-08:00,0,63
projects\projects.js,13,js,584338cd,djmans630,2025-02-07,21:22:48,-08:00,2025-02-07T21:22:48-08:00,0,0
projects\projects.js,14,js,5f59c123,djmans630,2025-02-07,21:57:29,-08:00,2025-02-07T21:57:29-08:00,0,36
projects\projects.js,15,js,db900f1b,djmans630,2025-02-07,23:57:58,-08:00,2025-02-07T23:57:58-08:00,0,54
projects\projects.js,16,js,584338cd,djmans630,2025-02-07,21:22:48,-08:00,2025-02-07T21:22:48-08:00,0,0
projects\projects.js,17,js,584338cd,djmans630,2025-02-07,21:22:48,-08:00,2025-02-07T21:22:48-08:00,0,49
projects\projects.js,18,js,58918d76,djmans630,2025-02-07,19:48:22,-08:00,2025-02-07T19:48:22-08:00,0,0
projects\projects.js,19,js,8089301c,djmans630,2025-02-07,19:37:12,-08:00,2025-02-07T19:37:12-08:00,0,27
projects\projects.js,20,js,8089301c,djmans630,2025-02-07,19:37:12,-08:00,2025-02-07T19:37:12-08:00,0,8
projects\projects.js,21,js,584338cd,djmans630,2025-02-07,21:22:48,-08:00,2025-02-07T21:22:48-08:00,0,15
projects\projects.js,22,js,5f59c123,djmans630,2025-02-07,21:57:29,-08:00,2025-02-07T21:57:29-08:00,0,23
projects\projects.js,23,js,8089301c,djmans630,2025-02-07,19:37:12,-08:00,2025-02-07T19:37:12-08:00,0,1
projects\projects.js,24,js,58918d76,djmans630,2025-02-07,19:48:22,-08:00,2025-02-07T19:48:22-08:00,0,0
projects\projects.js,25,js,58918d76,djmans630,2025-02-07,19:48:22,-08:00,2025-02-07T19:48:22-08:00,0,46
projects\projects.js,26,js,58918d76,djmans630,2025-02-07,19:48:22,-08:00,2025-02-07T19:48:22-08:00,0,12
projects\projects.js,27,js,5f59c123,djmans630,2025-02-07,21:57:29,-08:00,2025-02-07T21:57:29-08:00,0,10
projects\projects.js,28,js,58918d76,djmans630,2025-02-07,19:48:22,-08:00,2025-02-07T19:48:22-08:00,0,3
projects\projects.js,29,js,60c760c3,djmans630,2025-02-07,20:56:13,-08:00,2025-02-07T20:56:13-08:00,0,0
projects\projects.js,30,js,6545f00f,djmans630,2025-02-07,22:40:55,-08:00,2025-02-07T22:40:55-08:00,0,24
projects\projects.js,31,js,6bd093d6,djmans630,2025-01-31,19:13:17,-08:00,2025-01-31T19:13:17-08:00,0,0
projects\projects.js,32,js,6bd093d6,djmans630,2025-01-31,19:13:17,-08:00,2025-01-31T19:13:17-08:00,0,0
projects\projects.js,33,js,5f59c123,djmans630,2025-02-07,21:57:29,-08:00,2025-02-07T21:57:29-08:00,0,42
projects\projects.js,34,js,15d9adb8,djmans630,2025-02-07,22:27:08,-08:00,2025-02-07T22:27:08-08:00,0,63
projects\projects.js,35,js,3cbf41c7,djmans630,2025-02-07,22:29:25,-08:00,2025-02-07T22:29:25-08:00,0,62
projects\projects.js,36,js,9f4c7bb4,djmans630,2025-02-07,21:36:42,-08:00,2025-02-07T21:36:42-08:00,0,27
projects\projects.js,37,js,9f4c7bb4,djmans630,2025-02-07,21:36:42,-08:00,2025-02-07T21:36:42-08:00,0,16
projects\projects.js,38,js,9f4c7bb4,djmans630,2025-02-07,21:36:42,-08:00,2025-02-07T21:36:42-08:00,0,15
projects\projects.js,39,js,5f59c123,djmans630,2025-02-07,21:57:29,-08:00,2025-02-07T21:57:29-08:00,0,23
projects\projects.js,40,js,9f4c7bb4,djmans630,2025-02-07,21:36:42,-08:00,2025-02-07T21:36:42-08:00,0,1
projects\projects.js,41,js,9f4c7bb4,djmans630,2025-02-07,21:36:42,-08:00,2025-02-07T21:36:42-08:00,0,0
projects\projects.js,42,js,3cbf41c7,djmans630,2025-02-07,22:29:25,-08:00,2025-02-07T22:29:25-08:00,0,39
projects\projects.js,43,js,3cbf41c7,djmans630,2025-02-07,22:29:25,-08:00,2025-02-07T22:29:25-08:00,0,0
projects\projects.js,44,js,9f4c7bb4,djmans630,2025-02-07,21:36:42,-08:00,2025-02-07T21:36:42-08:00,0,46
projects\projects.js,45,js,9f4c7bb4,djmans630,2025-02-07,21:36:42,-08:00,2025-02-07T21:36:42-08:00,0,12
projects\projects.js,46,js,5f59c123,djmans630,2025-02-07,21:57:29,-08:00,2025-02-07T21:57:29-08:00,0,10
projects\projects.js,47,js,9f4c7bb4,djmans630,2025-02-07,21:36:42,-08:00,2025-02-07T21:36:42-08:00,0,3
projects\projects.js,48,js,9f4c7bb4,djmans630,2025-02-07,21:36:42,-08:00,2025-02-07T21:36:42-08:00,0,0
projects\projects.js,49,js,584338cd,djmans630,2025-02-07,21:22:48,-08:00,2025-02-07T21:22:48-08:00,0,46
projects\projects.js,50,js,db900f1b,djmans630,2025-02-07,23:57:58,-08:00,2025-02-07T23:57:58-08:00,0,30
projects\projects.js,51,js,5f59c123,djmans630,2025-02-07,21:57:29,-08:00,2025-02-07T21:57:29-08:00,0,0
projects\projects.js,52,js,584338cd,djmans630,2025-02-07,21:22:48,-08:00,2025-02-07T21:22:48-08:00,0,47
projects\projects.js,53,js,584338cd,djmans630,2025-02-07,21:22:48,-08:00,2025-02-07T21:22:48-08:00,0,0
projects\projects.js,54,js,9f4c7bb4,djmans630,2025-02-07,21:36:42,-08:00,2025-02-07T21:36:42-08:00,0,23
projects\projects.js,55,js,9f4c7bb4,djmans630,2025-02-07,21:36:42,-08:00,2025-02-07T21:36:42-08:00,0,20
projects\projects.js,56,js,9f4c7bb4,djmans630,2025-02-07,21:36:42,-08:00,2025-02-07T21:36:42-08:00,0,12
projects\projects.js,57,js,9f4c7bb4,djmans630,2025-02-07,21:36:42,-08:00,2025-02-07T21:36:42-08:00,0,12
projects\projects.js,58,js,9f4c7bb4,djmans630,2025-02-07,21:36:42,-08:00,2025-02-07T21:36:42-08:00,0,29
projects\projects.js,59,js,9f4c7bb4,djmans630,2025-02-07,21:36:42,-08:00,2025-02-07T21:36:42-08:00,0,27
projects\projects.js,60,js,9f4c7bb4,djmans630,2025-02-07,21:36:42,-08:00,2025-02-07T21:36:42-08:00,0,0
projects\projects.js,61,js,5f59c123,djmans630,2025-02-07,21:57:29,-08:00,2025-02-07T21:57:29-08:00,0,48
projects\projects.js,62,js,5f59c123,djmans630,2025-02-07,21:57:29,-08:00,2025-02-07T21:57:29-08:00,0,6
projects\projects.js,63,js,9f4c7bb4,djmans630,2025-02-07,21:36:42,-08:00,2025-02-07T21:36:42-08:00,0,0
projects\projects.js,64,js,9f4c7bb4,djmans630,2025-02-07,21:36:42,-08:00,2025-02-07T21:36:42-08:00,0,0
projects\projects.js,65,js,584338cd,djmans630,2025-02-07,21:22:48,-08:00,2025-02-07T21:22:48-08:00,0,50
projects\projects.js,66,js,584338cd,djmans630,2025-02-07,21:22:48,-08:00,2025-02-07T21:22:48-08:00,0,54
projects\projects.js,67,js,584338cd,djmans630,2025-02-07,21:22:48,-08:00,2025-02-07T21:22:48-08:00,0,42
projects\projects.js,68,js,db900f1b,djmans630,2025-02-07,23:57:58,-08:00,2025-02-07T23:57:58-08:00,0,63
projects\projects.js,69,js,584338cd,djmans630,2025-02-07,21:22:48,-08:00,2025-02-07T21:22:48-08:00,0,0
projects\projects.js,70,js,72113bf8,djmans630,2025-02-07,20:18:25,-08:00,2025-02-07T20:18:25-08:00,0,31
projects\projects.js,71,js,72113bf8,djmans630,2025-02-07,20:18:25,-08:00,2025-02-07T20:18:25-08:00,0,20
projects\projects.js,72,js,72113bf8,djmans630,2025-02-07,20:18:25,-08:00,2025-02-07T20:18:25-08:00,0,29
projects\projects.js,73,js,58918d76,djmans630,2025-02-07,19:48:22,-08:00,2025-02-07T19:48:22-08:00,0,25
projects\projects.js,74,js,1518c54d,djmans630,2025-02-07,21:28:29,-08:00,2025-02-07T21:28:29-08:00,0,36
projects\projects.js,75,js,60c760c3,djmans630,2025-02-07,20:56:13,-08:00,2025-02-07T20:56:13-08:00,0,54
projects\projects.js,76,js,60c760c3,djmans630,2025-02-07,20:56:13,-08:00,2025-02-07T20:56:13-08:00,0,19
projects\projects.js,77,js,adcce30e,djmans630,2025-02-07,23:35:58,-08:00,2025-02-07T23:35:58-08:00,0,48
projects\projects.js,78,js,db900f1b,djmans630,2025-02-07,23:57:58,-08:00,2025-02-07T23:57:58-08:00,0,34
projects\projects.js,79,js,db900f1b,djmans630,2025-02-07,23:57:58,-08:00,2025-02-07T23:57:58-08:00,0,29
projects\projects.js,80,js,60c760c3,djmans630,2025-02-07,20:56:13,-08:00,2025-02-07T20:56:13-08:00,0,2
projects\projects.js,81,js,8089301c,djmans630,2025-02-07,19:37:12,-08:00,2025-02-07T19:37:12-08:00,0,2
projects\projects.js,82,js,5fb1c9c8,djmans630,2025-02-07,19:17:31,-08:00,2025-02-07T19:17:31-08:00,0,0
projects\projects.js,83,js,741ad249,djmans630,2025-02-07,21:04:42,-08:00,2025-02-07T21:04:42-08:00,0,25
projects\projects.js,84,js,72113bf8,djmans630,2025-02-07,20:18:25,-08:00,2025-02-07T20:18:25-08:00,0,21
projects\projects.js,85,js,9f4c7bb4,djmans630,2025-02-07,21:36:42,-08:00,2025-02-07T21:36:42-08:00,0,28
projects\projects.js,86,js,9f4c7bb4,djmans630,2025-02-07,21:36:42,-08:00,2025-02-07T21:36:42-08:00,0,6
projects\projects.js,87,js,5f59c123,djmans630,2025-02-07,21:57:29,-08:00,2025-02-07T21:57:29-08:00,0,136
projects\projects.js,88,js,9f4c7bb4,djmans630,2025-02-07,21:36:42,-08:00,2025-02-07T21:36:42-08:00,0,31
projects\projects.js,89,js,9f4c7bb4,djmans630,2025-02-07,21:36:42,-08:00,2025-02-07T21:36:42-08:00,0,1
projects\projects.js,90,js,9f4c7bb4,djmans630,2025-02-07,21:36:42,-08:00,2025-02-07T21:36:42-08:00,0,19
projects\projects.js,91,js,9f4c7bb4,djmans630,2025-02-07,21:36:42,-08:00,2025-02-07T21:36:42-08:00,0,48
projects\projects.js,92,js,9f4c7bb4,djmans630,2025-02-07,21:36:42,-08:00,2025-02-07T21:36:42-08:00,0,17
projects\projects.js,93,js,9f4c7bb4,djmans630,2025-02-07,21:36:42,-08:00,2025-02-07T21:36:42-08:00,0,2
projects\projects.js,94,js,9f4c7bb4,djmans630,2025-02-07,21:36:42,-08:00,2025-02-07T21:36:42-08:00,0,2
projects\projects.js,95,js,15d9adb8,djmans630,2025-02-07,22:27:08,-08:00,2025-02-07T22:27:08-08:00,0,0
projects\projects.js,96,js,15d9adb8,djmans630,2025-02-07,22:27:08,-08:00,2025-02-07T22:27:08-08:00,0,83
projects\projects.js,97,js,9f4c7bb4,djmans630,2025-02-07,21:36:42,-08:00,2025-02-07T21:36:42-08:00,0,0
projects\projects.js,98,js,9f4c7bb4,djmans630,2025-02-07,21:36:42,-08:00,2025-02-07T21:36:42-08:00,0,0
projects\projects.js,99,js,adcce30e,djmans630,2025-02-07,23:35:58,-08:00,2025-02-07T23:35:58-08:00,0,45
projects\projects.js,100,js,60c760c3,djmans630,2025-02-07,20:56:13,-08:00,2025-02-07T20:56:13-08:00,0,41
projects\projects.js,101,js,60c760c3,djmans630,2025-02-07,20:56:13,-08:00,2025-02-07T20:56:13-08:00,0,33
projects\projects.js,102,js,60c760c3,djmans630,2025-02-07,20:56:13,-08:00,2025-02-07T20:56:13-08:00,0,0
projects\projects.js,103,js,60c760c3,djmans630,2025-02-07,20:56:13,-08:00,2025-02-07T20:56:13-08:00,0,90
projects\projects.js,104,js,60c760c3,djmans630,2025-02-07,20:56:13,-08:00,2025-02-07T20:56:13-08:00,0,91
projects\projects.js,105,js,60c760c3,djmans630,2025-02-07,20:56:13,-08:00,2025-02-07T20:56:13-08:00,0,0
projects\projects.js,106,js,db900f1b,djmans630,2025-02-07,23:57:58,-08:00,2025-02-07T23:57:58-08:00,0,0
projects\projects.js,107,js,60c760c3,djmans630,2025-02-07,20:56:13,-08:00,2025-02-07T20:56:13-08:00,0,26
projects\projects.js,108,js,db900f1b,djmans630,2025-02-07,23:57:58,-08:00,2025-02-07T23:57:58-08:00,0,67
projects\projects.js,109,js,adcce30e,djmans630,2025-02-07,23:35:58,-08:00,2025-02-07T23:35:58-08:00,0,7
projects\projects.js,110,js,adcce30e,djmans630,2025-02-07,23:35:58,-08:00,2025-02-07T23:35:58-08:00,0,79
projects\projects.js,111,js,adcce30e,djmans630,2025-02-07,23:35:58,-08:00,2025-02-07T23:35:58-08:00,0,75
projects\projects.js,112,js,60c760c3,djmans630,2025-02-07,20:56:13,-08:00,2025-02-07T20:56:13-08:00,0,0
projects\projects.js,113,js,60c760c3,djmans630,2025-02-07,20:56:13,-08:00,2025-02-07T20:56:13-08:00,0,0
projects\projects.js,114,js,60c760c3,djmans630,2025-02-07,20:56:13,-08:00,2025-02-07T20:56:13-08:00,0,0
projects\projects.js,115,js,72113bf8,djmans630,2025-02-07,20:18:25,-08:00,2025-02-07T20:18:25-08:00,0,74
projects\projects.js,116,js,5f59c123,djmans630,2025-02-07,21:57:29,-08:00,2025-02-07T21:57:29-08:00,0,40
projects\projects.js,117,js,335802e2,djmans630,2025-02-07,20:05:36,-08:00,2025-02-07T20:05:36-08:00,0,0
projects\projects.js,118,js,335802e2,djmans630,2025-02-07,20:05:36,-08:00,2025-02-07T20:05:36-08:00,0,52
projects\projects.js,119,js,5f59c123,djmans630,2025-02-07,21:57:29,-08:00,2025-02-07T21:57:29-08:00,0,60
projects\projects.js,120,js,335802e2,djmans630,2025-02-07,20:05:36,-08:00,2025-02-07T20:05:36-08:00,0,29
projects\projects.js,121,js,335802e2,djmans630,2025-02-07,20:05:36,-08:00,2025-02-07T20:05:36-08:00,0,2
projects\projects.js,122,js,335802e2,djmans630,2025-02-07,20:05:36,-08:00,2025-02-07T20:05:36-08:00,0,0
projects\projects.js,123,js,db900f1b,djmans630,2025-02-07,23:57:58,-08:00,2025-02-07T23:57:58-08:00,0,51
projects\projects.js,124,js,15d9adb8,djmans630,2025-02-07,22:27:08,-08:00,2025-02-07T22:27:08-08:00,0,0
projects\projects.js,125,js,335802e2,djmans630,2025-02-07,20:05:36,-08:00,2025-02-07T20:05:36-08:00,0,75
projects\projects.js,126,js,15d9adb8,djmans630,2025-02-07,22:27:08,-08:00,2025-02-07T22:27:08-08:00,0,0
projects\projects.js,127,js,15d9adb8,djmans630,2025-02-07,22:27:08,-08:00,2025-02-07T22:27:08-08:00,0,33
projects\projects.js,128,js,15d9adb8,djmans630,2025-02-07,22:27:08,-08:00,2025-02-07T22:27:08-08:00,0,32
projects\projects.js,129,js,15d9adb8,djmans630,2025-02-07,22:27:08,-08:00,2025-02-07T22:27:08-08:00,0,7
projects\projects.js,130,js,15d9adb8,djmans630,2025-02-07,22:27:08,-08:00,2025-02-07T22:27:08-08:00,0,52
projects\projects.js,131,js,15d9adb8,djmans630,2025-02-07,22:27:08,-08:00,2025-02-07T22:27:08-08:00,0,0
projects\projects.js,132,js,335802e2,djmans630,2025-02-07,20:05:36,-08:00,2025-02-07T20:05:36-08:00,0,2
projects\projects.js,133,js,335802e2,djmans630,2025-02-07,20:05:36,-08:00,2025-02-07T20:05:36-08:00,0,0
projects\projects.js,134,js,60c760c3,djmans630,2025-02-07,20:56:13,-08:00,2025-02-07T20:56:13-08:00,0,14
projects\index.html,1,html,a2a02420,djmans630,2025-01-09,19:27:30,-08:00,2025-01-09T19:27:30-08:00,0,14
projects\index.html,2,html,a2a02420,djmans630,2025-01-09,19:27:30,-08:00,2025-01-09T19:27:30-08:00,0,15
projects\index.html,3,html,d5464261,djmans630,2025-02-07,19:58:36,-08:00,2025-02-07T19:58:36-08:00,0,5
projects\index.html,4,html,d82ec410,djmans630,2025-01-24,20:09:30,-08:00,2025-01-24T20:09:30-08:00,0,49
projects\index.html,5,html,f0ce294a,djmans630,2025-01-31,19:15:04,-08:00,2025-01-31T19:15:04-08:00,0,48
projects\index.html,6,html,c0b86864,djmans630,2025-01-31,19:49:53,-08:00,2025-01-31T19:49:53-08:00,0,51
projects\index.html,7,html,0e80903b,djmans630,2025-01-17,20:36:24,-08:00,2025-01-17T20:36:24-08:00,0,43
projects\index.html,8,html,a2a02420,djmans630,2025-01-09,19:27:30,-08:00,2025-01-09T19:27:30-08:00,0,21
projects\index.html,9,html,a2a02420,djmans630,2025-01-09,19:27:30,-08:00,2025-01-09T19:27:30-08:00,0,69
projects\index.html,10,html,a2a02420,djmans630,2025-01-09,19:27:30,-08:00,2025-01-09T19:27:30-08:00,0,22
projects\index.html,11,html,b64c9955,djmans630,2025-01-17,20:41:15,-08:00,2025-01-17T20:41:15-08:00,0,6
projects\index.html,12,html,b64c9955,djmans630,2025-01-17,20:41:15,-08:00,2025-01-17T20:41:15-08:00,0,5
projects\index.html,13,html,d5464261,djmans630,2025-02-07,19:58:36,-08:00,2025-02-07T19:58:36-08:00,0,41
projects\index.html,14,html,1a068937,djmans630,2025-02-07,19:26:07,-08:00,2025-02-07T19:26:07-08:00,0,24
projects\index.html,15,html,1518c54d,djmans630,2025-02-07,21:28:29,-08:00,2025-02-07T21:28:29-08:00,0,91
projects\index.html,16,html,1518c54d,djmans630,2025-02-07,21:28:29,-08:00,2025-02-07T21:28:29-08:00,0,5
projects\index.html,17,html,1a068937,djmans630,2025-02-07,19:26:07,-08:00,2025-02-07T19:26:07-08:00,0,25
projects\index.html,18,html,1a068937,djmans630,2025-02-07,19:26:07,-08:00,2025-02-07T19:26:07-08:00,0,5
projects\index.html,19,html,010a1bfe,djmans630,2025-02-07,19:51:53,-08:00,2025-02-07T19:51:53-08:00,0,5
projects\index.html,20,html,010a1bfe,djmans630,2025-02-07,19:51:53,-08:00,2025-02-07T19:51:53-08:00,0,16
projects\index.html,21,html,010a1bfe,djmans630,2025-02-07,19:51:53,-08:00,2025-02-07T19:51:53-08:00,0,12
projects\index.html,22,html,010a1bfe,djmans630,2025-02-07,19:51:53,-08:00,2025-02-07T19:51:53-08:00,0,27
projects\index.html,23,html,010a1bfe,djmans630,2025-02-07,19:51:53,-08:00,2025-02-07T19:51:53-08:00,0,32
projects\index.html,24,html,010a1bfe,djmans630,2025-02-07,19:51:53,-08:00,2025-02-07T19:51:53-08:00,0,1
projects\index.html,25,html,9453be33,djmans630,2025-02-07,16:55:09,-08:00,2025-02-07T16:55:09-08:00,0,21
projects\index.html,26,html,9453be33,djmans630,2025-02-07,16:55:09,-08:00,2025-02-07T16:55:09-08:00,0,5
projects\index.html,27,html,a2a02420,djmans630,2025-01-09,19:27:30,-08:00,2025-01-09T19:27:30-08:00,0,6
projects\index.html,28,html,a2a02420,djmans630,2025-01-09,19:27:30,-08:00,2025-01-09T19:27:30-08:00,0,6
contact\style.css,1,css,ac78b525,djmans630,2025-01-17,19:46:16,-08:00,2025-01-17T19:46:16-08:00,0,5
contact\style.css,2,css,ac78b525,djmans630,2025-01-17,19:46:16,-08:00,2025-01-17T19:46:16-08:00,0,13
contact\style.css,3,css,ac78b525,djmans630,2025-01-17,19:46:16,-08:00,2025-01-17T19:46:16-08:00,0,0
contact\style.css,4,css,ac78b525,djmans630,2025-01-17,19:46:16,-08:00,2025-01-17T19:46:16-08:00,0,0
contact\style.css,5,css,ac78b525,djmans630,2025-01-17,19:46:16,-08:00,2025-01-17T19:46:16-08:00,0,8
contact\style.css,6,css,ac78b525,djmans630,2025-01-17,19:46:16,-08:00,2025-01-17T19:46:16-08:00,0,13
contact\style.css,7,css,ac78b525,djmans630,2025-01-17,19:46:16,-08:00,2025-01-17T19:46:16-08:00,0,0
contact\style.css,8,css,ac78b525,djmans630,2025-01-17,19:46:16,-08:00,2025-01-17T19:46:16-08:00,0,0
contact\style.css,9,css,ac78b525,djmans630,2025-01-17,19:46:16,-08:00,2025-01-17T19:46:16-08:00,0,6
contact\style.css,10,css,ac78b525,djmans630,2025-01-17,19:46:16,-08:00,2025-01-17T19:46:16-08:00,0,13
contact\style.css,11,css,ac78b525,djmans630,2025-01-17,19:46:16,-08:00,2025-01-17T19:46:16-08:00,0,0
contact\style.css,12,css,ac78b525,djmans630,2025-01-17,19:46:16,-08:00,2025-01-17T19:46:16-08:00,0,0
contact\style.css,13,css,5079287e,djmans630,2025-01-17,20:00:16,-08:00,2025-01-17T20:00:16-08:00,0,0
contact\style.css,14,css,75da6e22,djmans630,2025-01-17,19:54:54,-08:00,2025-01-17T19:54:54-08:00,0,5
contact\style.css,15,css,5079287e,djmans630,2025-01-17,20:00:16,-08:00,2025-01-17T20:00:16-08:00,0,13
contact\style.css,16,css,5079287e,djmans630,2025-01-17,20:00:16,-08:00,2025-01-17T20:00:16-08:00,0,31
contact\style.css,17,css,5079287e,djmans630,2025-01-17,20:00:16,-08:00,2025-01-17T20:00:16-08:00,0,8
contact\style.css,18,css,75da6e22,djmans630,2025-01-17,19:54:54,-08:00,2025-01-17T19:54:54-08:00,0,0
contact\style.css,19,css,75da6e22,djmans630,2025-01-17,19:54:54,-08:00,2025-01-17T19:54:54-08:00,0,0
contact\style.css,20,css,75da6e22,djmans630,2025-01-17,19:54:54,-08:00,2025-01-17T19:54:54-08:00,0,10
contact\style.css,21,css,5079287e,djmans630,2025-01-17,20:00:16,-08:00,2025-01-17T20:00:16-08:00,0,30
contact\style.css,22,css,5079287e,djmans630,2025-01-17,20:00:16,-08:00,2025-01-17T20:00:16-08:00,0,17
contact\style.css,23,css,5079287e,djmans630,2025-01-17,20:00:16,-08:00,2025-01-17T20:00:16-08:00,0,0
contact\style.css,24,css,5079287e,djmans630,2025-01-17,20:00:16,-08:00,2025-01-17T20:00:16-08:00,0,0
contact\style.css,25,css,5079287e,djmans630,2025-01-17,20:00:16,-08:00,2025-01-17T20:00:16-08:00,0,6
contact\style.css,26,css,5079287e,djmans630,2025-01-17,20:00:16,-08:00,2025-01-17T20:00:16-08:00,0,17
contact\style.css,27,css,75da6e22,djmans630,2025-01-17,19:54:54,-08:00,2025-01-17T19:54:54-08:00,0,0
contact\style.css,28,css,75da6e22,djmans630,2025-01-17,19:54:54,-08:00,2025-01-17T19:54:54-08:00,0,0
contact\style.css,29,css,ac78b525,djmans630,2025-01-17,19:46:16,-08:00,2025-01-17T19:46:16-08:00,0,5
contact\style.css,30,css,ac78b525,djmans630,2025-01-17,19:46:16,-08:00,2025-01-17T19:46:16-08:00,0,44
contact\style.css,31,css,ac78b525,djmans630,2025-01-17,19:46:16,-08:00,2025-01-17T19:46:16-08:00,0,43
contact\style.css,32,css,ac78b525,djmans630,2025-01-17,19:46:16,-08:00,2025-01-17T19:46:16-08:00,0,1
contact\style.css,33,css,ac78b525,djmans630,2025-01-17,19:46:16,-08:00,2025-01-17T19:46:16-08:00,0,24
contact\style.css,34,css,ac78b525,djmans630,2025-01-17,19:46:16,-08:00,2025-01-17T19:46:16-08:00,0,16
contact\style.css,35,css,ac78b525,djmans630,2025-01-17,19:46:16,-08:00,2025-01-17T19:46:16-08:00,0,19
contact\style.css,36,css,ac78b525,djmans630,2025-01-17,19:46:16,-08:00,2025-01-17T19:46:16-08:00,0,13
contact\style.css,37,css,ac78b525,djmans630,2025-01-17,19:46:16,-08:00,2025-01-17T19:46:16-08:00,0,0
contact\style.css,38,css,ac78b525,djmans630,2025-01-17,19:46:16,-08:00,2025-01-17T19:46:16-08:00,0,0
contact\style.css,39,css,ac78b525,djmans630,2025-01-17,19:46:16,-08:00,2025-01-17T19:46:16-08:00,0,2
contact\style.css,40,css,ac78b525,djmans630,2025-01-17,19:46:16,-08:00,2025-01-17T19:46:16-08:00,0,8
contact\style.css,41,css,ac78b525,djmans630,2025-01-17,19:46:16,-08:00,2025-01-17T19:46:16-08:00,0,17
contact\style.css,42,css,ac78b525,djmans630,2025-01-17,19:46:16,-08:00,2025-01-17T19:46:16-08:00,0,0
contact\style.css,43,css,ac78b525,djmans630,2025-01-17,19:46:16,-08:00,2025-01-17T19:46:16-08:00,0,0
contact\style.css,44,css,ac78b525,djmans630,2025-01-17,19:46:16,-08:00,2025-01-17T19:46:16-08:00,0,4
contact\style.css,45,css,d82ec410,djmans630,2025-01-24,20:09:30,-08:00,2025-01-24T20:09:30-08:00,0,40
contact\style.css,46,css,ac78b525,djmans630,2025-01-17,19:46:16,-08:00,2025-01-17T19:46:16-08:00,0,13
contact\style.css,47,css,ac78b525,djmans630,2025-01-17,19:46:16,-08:00,2025-01-17T19:46:16-08:00,0,21
contact\style.css,48,css,ac78b525,djmans630,2025-01-17,19:46:16,-08:00,2025-01-17T19:46:16-08:00,0,14
contact\style.css,49,css,ac78b525,djmans630,2025-01-17,19:46:16,-08:00,2025-01-17T19:46:16-08:00,0,18
contact\style.css,50,css,ac78b525,djmans630,2025-01-17,19:46:16,-08:00,2025-01-17T19:46:16-08:00,0,14
contact\style.css,51,css,ac78b525,djmans630,2025-01-17,19:46:16,-08:00,2025-01-17T19:46:16-08:00,0,19
contact\style.css,52,css,ac78b525,djmans630,2025-01-17,19:46:16,-08:00,2025-01-17T19:46:16-08:00,0,24
contact\style.css,53,css,ac78b525,djmans630,2025-01-17,19:46:16,-08:00,2025-01-17T19:46:16-08:00,0,26
contact\style.css,54,css,d82ec410,djmans630,2025-01-24,20:09:30,-08:00,2025-01-24T20:09:30-08:00,0,42
contact\style.css,55,css,d82ec410,djmans630,2025-01-24,20:09:30,-08:00,2025-01-24T20:09:30-08:00,0,40
contact\style.css,56,css,ac78b525,djmans630,2025-01-17,19:46:16,-08:00,2025-01-17T19:46:16-08:00,0,0
contact\style.css,57,css,ac78b525,djmans630,2025-01-17,19:46:16,-08:00,2025-01-17T19:46:16-08:00,0,0
contact\style.css,58,css,ac78b525,djmans630,2025-01-17,19:46:16,-08:00,2025-01-17T19:46:16-08:00,0,2
contact\style.css,59,css,ac78b525,djmans630,2025-01-17,19:46:16,-08:00,2025-01-17T19:46:16-08:00,0,7
contact\style.css,60,css,ac78b525,djmans630,2025-01-17,19:46:16,-08:00,2025-01-17T19:46:16-08:00,0,0
contact\style.css,61,css,ac78b525,djmans630,2025-01-17,19:46:16,-08:00,2025-01-17T19:46:16-08:00,0,0
contact\style.css,62,css,ac78b525,djmans630,2025-01-17,19:46:16,-08:00,2025-01-17T19:46:16-08:00,0,9
contact\style.css,63,css,ac78b525,djmans630,2025-01-17,19:46:16,-08:00,2025-01-17T19:46:16-08:00,0,44
contact\style.css,64,css,ac78b525,djmans630,2025-01-17,19:46:16,-08:00,2025-01-17T19:46:16-08:00,0,21
contact\style.css,65,css,ac78b525,djmans630,2025-01-17,19:46:16,-08:00,2025-01-17T19:46:16-08:00,0,0
contact\style.css,66,css,ac78b525,djmans630,2025-01-17,19:46:16,-08:00,2025-01-17T19:46:16-08:00,0,0
contact\style.css,67,css,ac78b525,djmans630,2025-01-17,19:46:16,-08:00,2025-01-17T19:46:16-08:00,0,5
contact\style.css,68,css,ac78b525,djmans630,2025-01-17,19:46:16,-08:00,2025-01-17T19:46:16-08:00,0,35
contact\style.css,69,css,ac78b525,djmans630,2025-01-17,19:46:16,-08:00,2025-01-17T19:46:16-08:00,0,0
contact\style.css,70,css,ac78b525,djmans630,2025-01-17,19:46:16,-08:00,2025-01-17T19:46:16-08:00,0,0
contact\style.css,71,css,ac78b525,djmans630,2025-01-17,19:46:16,-08:00,2025-01-17T19:46:16-08:00,0,4
contact\style.css,72,css,ac78b525,djmans630,2025-01-17,19:46:16,-08:00,2025-01-17T19:46:16-08:00,0,33
contact\style.css,73,css,d82ec410,djmans630,2025-01-24,20:09:30,-08:00,2025-01-24T20:09:30-08:00,0,18
contact\style.css,74,css,ac78b525,djmans630,2025-01-17,19:46:16,-08:00,2025-01-17T19:46:16-08:00,0,0
contact\style.css,75,css,ac78b525,djmans630,2025-01-17,19:46:16,-08:00,2025-01-17T19:46:16-08:00,0,0
contact\style.css,76,css,ac78b525,djmans630,2025-01-17,19:46:16,-08:00,2025-01-17T19:46:16-08:00,0,7
contact\style.css,77,css,ac78b525,djmans630,2025-01-17,19:46:16,-08:00,2025-01-17T19:46:16-08:00,0,46
contact\style.css,78,css,ac78b525,djmans630,2025-01-17,19:46:16,-08:00,2025-01-17T19:46:16-08:00,0,21
contact\style.css,79,css,fe8cd3d6,djmans630,2025-01-24,20:36:01,-08:00,2025-01-24T20:36:01-08:00,0,0
contact\style.css,80,css,fe8cd3d6,djmans630,2025-01-24,20:36:01,-08:00,2025-01-24T20:36:01-08:00,0,0
contact\style.css,81,css,fe8cd3d6,djmans630,2025-01-24,20:36:01,-08:00,2025-01-24T20:36:01-08:00,0,18
contact\style.css,82,css,fe8cd3d6,djmans630,2025-01-24,20:36:01,-08:00,2025-01-24T20:36:01-08:00,0,17
contact\style.css,83,css,fe8cd3d6,djmans630,2025-01-24,20:36:01,-08:00,2025-01-24T20:36:01-08:00,0,9
contact\style.css,84,css,fe8cd3d6,djmans630,2025-01-24,20:36:01,-08:00,2025-01-24T20:36:01-08:00,0,10
contact\style.css,85,css,fe8cd3d6,djmans630,2025-01-24,20:36:01,-08:00,2025-01-24T20:36:01-08:00,0,13
contact\style.css,86,css,fe8cd3d6,djmans630,2025-01-24,20:36:01,-08:00,2025-01-24T20:36:01-08:00,0,19
contact\style.css,87,css,ac78b525,djmans630,2025-01-17,19:46:16,-08:00,2025-01-17T19:46:16-08:00,0,0
contact\index.html,1,html,a2a02420,djmans630,2025-01-09,19:27:30,-08:00,2025-01-09T19:27:30-08:00,0,14
contact\index.html,2,html,a2a02420,djmans630,2025-01-09,19:27:30,-08:00,2025-01-09T19:27:30-08:00,0,15
contact\index.html,3,html,d82ec410,djmans630,2025-01-24,20:09:30,-08:00,2025-01-24T20:09:30-08:00,0,49
contact\index.html,4,html,a2a02420,djmans630,2025-01-09,19:27:30,-08:00,2025-01-09T19:27:30-08:00,0,5
contact\index.html,5,html,0e80903b,djmans630,2025-01-17,20:36:24,-08:00,2025-01-17T20:36:24-08:00,0,43
contact\index.html,6,html,a2a02420,djmans630,2025-01-09,19:27:30,-08:00,2025-01-09T19:27:30-08:00,0,21
contact\index.html,7,html,a2a02420,djmans630,2025-01-09,19:27:30,-08:00,2025-01-09T19:27:30-08:00,0,69
contact\index.html,8,html,f9ffad38,djmans630,2025-01-10,18:01:08,-08:00,2025-01-10T18:01:08-08:00,0,21
contact\index.html,9,html,e3726c25,djmans630,2025-01-17,19:24:30,-08:00,2025-01-17T19:24:30-08:00,0,15
contact\index.html,10,html,e3726c25,djmans630,2025-01-17,19:24:30,-08:00,2025-01-17T19:24:30-08:00,0,6
contact\index.html,11,html,e3726c25,djmans630,2025-01-17,19:24:30,-08:00,2025-01-17T19:24:30-08:00,0,5
contact\index.html,12,html,d82ec410,djmans630,2025-01-24,20:09:30,-08:00,2025-01-24T20:09:30-08:00,0,9
contact\index.html,13,html,65a70ae5,djmans630,2025-01-10,18:05:50,-08:00,2025-01-10T18:05:50-08:00,0,3
contact\index.html,14,html,65a70ae5,djmans630,2025-01-10,18:05:50,-08:00,2025-01-10T18:05:50-08:00,0,46
contact\index.html,15,html,65a70ae5,djmans630,2025-01-10,18:05:50,-08:00,2025-01-10T18:05:50-08:00,0,53
contact\index.html,16,html,d82ec410,djmans630,2025-01-24,20:09:30,-08:00,2025-01-24T20:09:30-08:00,0,40
contact\index.html,17,html,450ad41e,djmans630,2025-01-10,18:12:27,-08:00,2025-01-10T18:12:27-08:00,0,49
contact\index.html,18,html,65a70ae5,djmans630,2025-01-10,18:05:50,-08:00,2025-01-10T18:05:50-08:00,0,61
contact\index.html,19,html,65a70ae5,djmans630,2025-01-10,18:05:50,-08:00,2025-01-10T18:05:50-08:00,0,4
contact\index.html,20,html,d82ec410,djmans630,2025-01-24,20:09:30,-08:00,2025-01-24T20:09:30-08:00,0,9
contact\index.html,21,html,f9ffad38,djmans630,2025-01-10,18:01:08,-08:00,2025-01-10T18:01:08-08:00,0,79
contact\index.html,22,html,f9ffad38,djmans630,2025-01-10,18:01:08,-08:00,2025-01-10T18:01:08-08:00,0,11
contact\index.html,23,html,f9ffad38,djmans630,2025-01-10,18:01:08,-08:00,2025-01-10T18:01:08-08:00,0,32
contact\index.html,24,html,f9ffad38,djmans630,2025-01-10,18:01:08,-08:00,2025-01-10T18:01:08-08:00,0,7
contact\index.html,25,html,f9ffad38,djmans630,2025-01-10,18:01:08,-08:00,2025-01-10T18:01:08-08:00,0,13
contact\index.html,26,html,f9ffad38,djmans630,2025-01-10,18:01:08,-08:00,2025-01-10T18:01:08-08:00,0,21
contact\index.html,27,html,f9ffad38,djmans630,2025-01-10,18:01:08,-08:00,2025-01-10T18:01:08-08:00,0,7
contact\index.html,28,html,f9ffad38,djmans630,2025-01-10,18:01:08,-08:00,2025-01-10T18:01:08-08:00,0,10
contact\index.html,29,html,f9ffad38,djmans630,2025-01-10,18:01:08,-08:00,2025-01-10T18:01:08-08:00,0,32
contact\index.html,30,html,f9ffad38,djmans630,2025-01-10,18:01:08,-08:00,2025-01-10T18:01:08-08:00,0,7
contact\index.html,31,html,f9ffad38,djmans630,2025-01-10,18:01:08,-08:00,2025-01-10T18:01:08-08:00,0,22
contact\index.html,32,html,f9ffad38,djmans630,2025-01-10,18:01:08,-08:00,2025-01-10T18:01:08-08:00,0,6
contact\index.html,33,html,a2a02420,djmans630,2025-01-09,19:27:30,-08:00,2025-01-09T19:27:30-08:00,0,6
contact\index.html,34,html,a2a02420,djmans630,2025-01-09,19:27:30,-08:00,2025-01-09T19:27:30-08:00,0,6
